Loading stratified splits (ensures (dEdge, length) combinations are held out)...
Stratified training set size: 21352
Stratified validation set size: 1858
Stratified test set size: 2410
Note: Validation/test sets contain (dEdge, length) combinations not seen in training
Loaded ML_dEdge critic model from /dfs9/tw/yuanmis1/mrsec/ML-MD-Peptide/DL_for_Peptide/ML_dEdge/models/iteration2/Transformer_curriculum_lr_0.2_bs_1024.pt
Critic model frozen (no gradients)
Adversarial training enabled with lambda=0.5
Training on cuda
Total parameters: 25,451,541
Training samples: 21352
Validation samples: 1858
Adversarial training: ENABLED (lambda=0.5, freq=1)
Training metrics will be saved to: /dfs9/tw/yuanmis1/mrsec/ML-MD-Peptide/DL_for_Peptide/ML_dEdge_gen/v1+2/data/training_metrics_lr0.001_bs512_lam0.5_ep400_1.csv
Epoch 1: New best model saved! (Valid Loss: 2.7578 = Gen: 2.6496 + λ*Adv: 0.1081)
Epoch 1/400: Total Loss: 3.2679 | Generator Loss: 2.9528 | Adversarial Loss: 0.6302 | Valid Loss: 2.7578 (Gen: 2.6496, Adv: 0.2163) | Perplexity: 19.16 (train) / 14.15 (val) | Token Acc: 9.98% (train) / 9.99% (val) | LR: 1.00e-03
Epoch 2: New best model saved! (Valid Loss: 2.7312 = Gen: 2.6305 + λ*Adv: 0.1006)
Epoch 2/400: Total Loss: 2.9420 | Generator Loss: 2.6963 | Adversarial Loss: 0.4914 | Valid Loss: 2.7312 (Gen: 2.6305, Adv: 0.2013) | Perplexity: 14.83 (train) / 13.88 (val) | Token Acc: 10.00% (train) / 10.00% (val) | LR: 1.00e-03
Epoch 3: New best model saved! (Valid Loss: 2.7243 = Gen: 2.6201 + λ*Adv: 0.1041)
Epoch 3/400: Total Loss: 2.9347 | Generator Loss: 2.6897 | Adversarial Loss: 0.4900 | Valid Loss: 2.7243 (Gen: 2.6201, Adv: 0.2082) | Perplexity: 14.73 (train) / 13.74 (val) | Token Acc: 10.00% (train) / 10.00% (val) | LR: 1.00e-03
Epoch 4: New best model saved! (Valid Loss: 2.7237 = Gen: 2.6230 + λ*Adv: 0.1006)
Epoch 4/400: Total Loss: 2.9325 | Generator Loss: 2.6888 | Adversarial Loss: 0.4874 | Valid Loss: 2.7237 (Gen: 2.6230, Adv: 0.2012) | Perplexity: 14.71 (train) / 13.78 (val) | Token Acc: 10.00% (train) / 10.00% (val) | LR: 1.00e-03
Epoch 5/400: Total Loss: 2.9318 | Generator Loss: 2.6891 | Adversarial Loss: 0.4855 | Valid Loss: 2.7356 (Gen: 2.6342, Adv: 0.2027) | Perplexity: 14.72 (train) / 13.93 (val) | Token Acc: 10.00% (train) / 10.00% (val) | LR: 1.00e-03
Epoch 6/400: Total Loss: 2.9335 | Generator Loss: 2.6899 | Adversarial Loss: 0.4870 | Valid Loss: 2.7315 (Gen: 2.6266, Adv: 0.2098) | Perplexity: 14.73 (train) / 13.83 (val) | Token Acc: 10.00% (train) / 10.00% (val) | LR: 1.00e-03
Epoch 7/400: Total Loss: 2.9300 | Generator Loss: 2.6870 | Adversarial Loss: 0.4861 | Valid Loss: 2.7289 (Gen: 2.6278, Adv: 0.2023) | Perplexity: 14.69 (train) / 13.84 (val) | Token Acc: 10.00% (train) / 10.00% (val) | LR: 1.00e-03
Epoch 8/400: Total Loss: 2.9333 | Generator Loss: 2.6876 | Adversarial Loss: 0.4914 | Valid Loss: 2.7319 (Gen: 2.6268, Adv: 0.2104) | Perplexity: 14.70 (train) / 13.83 (val) | Token Acc: 10.00% (train) / 10.00% (val) | LR: 1.00e-03
Epoch 9/400: Total Loss: 2.9288 | Generator Loss: 2.6872 | Adversarial Loss: 0.4832 | Valid Loss: 2.7259 (Gen: 2.6217, Adv: 0.2084) | Perplexity: 14.69 (train) / 13.76 (val) | Token Acc: 10.00% (train) / 10.00% (val) | LR: 1.00e-03
Epoch 00010: reducing learning rate of group 0 to 5.0000e-04.
Epoch 10/400: Total Loss: 2.9310 | Generator Loss: 2.6879 | Adversarial Loss: 0.4863 | Valid Loss: 2.7328 (Gen: 2.6244, Adv: 0.2169) | Perplexity: 14.70 (train) / 13.80 (val) | Token Acc: 10.00% (train) / 10.00% (val) | LR: 5.00e-04
Epoch 11: New best model saved! (Valid Loss: 2.7206 = Gen: 2.6194 + λ*Adv: 0.1012)
Epoch 11/400: Total Loss: 2.9247 | Generator Loss: 2.6822 | Adversarial Loss: 0.4850 | Valid Loss: 2.7206 (Gen: 2.6194, Adv: 0.2025) | Perplexity: 14.62 (train) / 13.73 (val) | Token Acc: 10.00% (train) / 10.00% (val) | LR: 5.00e-04
Epoch 12/400: Total Loss: 2.9241 | Generator Loss: 2.6823 | Adversarial Loss: 0.4836 | Valid Loss: 2.7334 (Gen: 2.6258, Adv: 0.2152) | Perplexity: 14.62 (train) / 13.82 (val) | Token Acc: 10.00% (train) / 10.00% (val) | LR: 5.00e-04
Epoch 13: New best model saved! (Valid Loss: 2.7195 = Gen: 2.6130 + λ*Adv: 0.1065)
Epoch 13/400: Total Loss: 2.9274 | Generator Loss: 2.6832 | Adversarial Loss: 0.4885 | Valid Loss: 2.7195 (Gen: 2.6130, Adv: 0.2130) | Perplexity: 14.63 (train) / 13.64 (val) | Token Acc: 10.00% (train) / 10.00% (val) | LR: 5.00e-04
Epoch 14/400: Total Loss: 2.9247 | Generator Loss: 2.6826 | Adversarial Loss: 0.4842 | Valid Loss: 2.7244 (Gen: 2.6181, Adv: 0.2126) | Perplexity: 14.62 (train) / 13.71 (val) | Token Acc: 10.00% (train) / 10.00% (val) | LR: 5.00e-04
Epoch 15/400: Total Loss: 2.9255 | Generator Loss: 2.6826 | Adversarial Loss: 0.4858 | Valid Loss: 2.7251 (Gen: 2.6200, Adv: 0.2100) | Perplexity: 14.62 (train) / 13.74 (val) | Token Acc: 10.00% (train) / 10.00% (val) | LR: 5.00e-04
Epoch 16/400: Total Loss: 2.9234 | Generator Loss: 2.6816 | Adversarial Loss: 0.4836 | Valid Loss: 2.7212 (Gen: 2.6163, Adv: 0.2097) | Perplexity: 14.61 (train) / 13.69 (val) | Token Acc: 10.00% (train) / 10.00% (val) | LR: 5.00e-04
Epoch 17/400: Total Loss: 2.9253 | Generator Loss: 2.6820 | Adversarial Loss: 0.4866 | Valid Loss: 2.7312 (Gen: 2.6237, Adv: 0.2150) | Perplexity: 14.61 (train) / 13.79 (val) | Token Acc: 10.00% (train) / 10.00% (val) | LR: 5.00e-04
Epoch 18/400: Total Loss: 2.9232 | Generator Loss: 2.6815 | Adversarial Loss: 0.4833 | Valid Loss: 2.7222 (Gen: 2.6176, Adv: 0.2093) | Perplexity: 14.61 (train) / 13.70 (val) | Token Acc: 10.00% (train) / 10.00% (val) | LR: 5.00e-04
Epoch 19: New best model saved! (Valid Loss: 2.7163 = Gen: 2.6118 + λ*Adv: 0.1045)
Epoch 19/400: Total Loss: 2.9241 | Generator Loss: 2.6807 | Adversarial Loss: 0.4868 | Valid Loss: 2.7163 (Gen: 2.6118, Adv: 0.2091) | Perplexity: 14.60 (train) / 13.62 (val) | Token Acc: 10.00% (train) / 10.00% (val) | LR: 5.00e-04
Epoch 20/400: Total Loss: 2.9251 | Generator Loss: 2.6826 | Adversarial Loss: 0.4850 | Valid Loss: 2.7179 (Gen: 2.6132, Adv: 0.2093) | Perplexity: 14.62 (train) / 13.64 (val) | Token Acc: 10.00% (train) / 10.00% (val) | LR: 5.00e-04
Epoch 21/400: Total Loss: 2.9250 | Generator Loss: 2.6818 | Adversarial Loss: 0.4865 | Valid Loss: 2.7213 (Gen: 2.6162, Adv: 0.2103) | Perplexity: 14.61 (train) / 13.68 (val) | Token Acc: 10.00% (train) / 10.00% (val) | LR: 5.00e-04
Epoch 22/400: Total Loss: 2.9201 | Generator Loss: 2.6792 | Adversarial Loss: 0.4818 | Valid Loss: 2.7182 (Gen: 2.6110, Adv: 0.2146) | Perplexity: 14.57 (train) / 13.61 (val) | Token Acc: 10.00% (train) / 10.00% (val) | LR: 5.00e-04
Epoch 23/400: Total Loss: 2.9238 | Generator Loss: 2.6817 | Adversarial Loss: 0.4841 | Valid Loss: 2.7215 (Gen: 2.6163, Adv: 0.2104) | Perplexity: 14.61 (train) / 13.69 (val) | Token Acc: 10.00% (train) / 10.00% (val) | LR: 5.00e-04
Epoch 24/400: Total Loss: 2.9226 | Generator Loss: 2.6805 | Adversarial Loss: 0.4843 | Valid Loss: 2.7167 (Gen: 2.6131, Adv: 0.2072) | Perplexity: 14.59 (train) / 13.64 (val) | Token Acc: 10.00% (train) / 10.00% (val) | LR: 5.00e-04
Epoch 00025: reducing learning rate of group 0 to 2.5000e-04.
Epoch 25/400: Total Loss: 2.9231 | Generator Loss: 2.6803 | Adversarial Loss: 0.4854 | Valid Loss: 2.7353 (Gen: 2.6275, Adv: 0.2156) | Perplexity: 14.59 (train) / 13.84 (val) | Token Acc: 10.00% (train) / 10.00% (val) | LR: 2.50e-04
Epoch 26: New best model saved! (Valid Loss: 2.7141 = Gen: 2.6105 + λ*Adv: 0.1036)
Epoch 26/400: Total Loss: 2.9218 | Generator Loss: 2.6787 | Adversarial Loss: 0.4861 | Valid Loss: 2.7141 (Gen: 2.6105, Adv: 0.2072) | Perplexity: 14.57 (train) / 13.61 (val) | Token Acc: 10.00% (train) / 10.00% (val) | LR: 2.50e-04
Epoch 27: New best model saved! (Valid Loss: 2.7138 = Gen: 2.6113 + λ*Adv: 0.1025)
Epoch 27/400: Total Loss: 2.9204 | Generator Loss: 2.6781 | Adversarial Loss: 0.4845 | Valid Loss: 2.7138 (Gen: 2.6113, Adv: 0.2050) | Perplexity: 14.56 (train) / 13.62 (val) | Token Acc: 10.00% (train) / 10.00% (val) | LR: 2.50e-04
Epoch 28: New best model saved! (Valid Loss: 2.7095 = Gen: 2.6097 + λ*Adv: 0.0998)
Epoch 28/400: Total Loss: 2.9201 | Generator Loss: 2.6780 | Adversarial Loss: 0.4842 | Valid Loss: 2.7095 (Gen: 2.6097, Adv: 0.1997) | Perplexity: 14.56 (train) / 13.59 (val) | Token Acc: 10.01% (train) / 10.01% (val) | LR: 2.50e-04
Epoch 29/400: Total Loss: 2.9208 | Generator Loss: 2.6779 | Adversarial Loss: 0.4858 | Valid Loss: 2.7164 (Gen: 2.6103, Adv: 0.2122) | Perplexity: 14.55 (train) / 13.60 (val) | Token Acc: 10.00% (train) / 10.00% (val) | LR: 2.50e-04
Epoch 30/400: Total Loss: 2.9193 | Generator Loss: 2.6777 | Adversarial Loss: 0.4832 | Valid Loss: 2.7103 (Gen: 2.6100, Adv: 0.2006) | Perplexity: 14.55 (train) / 13.60 (val) | Token Acc: 10.00% (train) / 10.00% (val) | LR: 2.50e-04
Epoch 31/400: Total Loss: 2.9202 | Generator Loss: 2.6778 | Adversarial Loss: 0.4848 | Valid Loss: 2.7156 (Gen: 2.6136, Adv: 0.2039) | Perplexity: 14.55 (train) / 13.65 (val) | Token Acc: 10.00% (train) / 10.00% (val) | LR: 2.50e-04
Epoch 32: New best model saved! (Valid Loss: 2.6083 = Gen: 2.5066 + λ*Adv: 0.1017)
Epoch 32/400: Total Loss: 2.8757 | Generator Loss: 2.6297 | Adversarial Loss: 0.4922 | Valid Loss: 2.6083 (Gen: 2.5066, Adv: 0.2033) | Perplexity: 13.87 (train) / 12.26 (val) | Token Acc: 11.11% (train) / 11.42% (val) | LR: 2.50e-04
Epoch 33: New best model saved! (Valid Loss: 2.5540 = Gen: 2.4495 + λ*Adv: 0.1045)
Epoch 33/400: Total Loss: 2.7810 | Generator Loss: 2.5517 | Adversarial Loss: 0.4585 | Valid Loss: 2.5540 (Gen: 2.4495, Adv: 0.2091) | Perplexity: 12.83 (train) / 11.58 (val) | Token Acc: 11.22% (train) / 11.28% (val) | LR: 2.50e-04
Epoch 34/400: Total Loss: 2.7646 | Generator Loss: 2.5358 | Adversarial Loss: 0.4576 | Valid Loss: 2.5548 (Gen: 2.4482, Adv: 0.2132) | Perplexity: 12.63 (train) / 11.57 (val) | Token Acc: 11.23% (train) / 11.48% (val) | LR: 2.50e-04
Epoch 35: New best model saved! (Valid Loss: 2.5444 = Gen: 2.4405 + λ*Adv: 0.1039)
Epoch 35/400: Total Loss: 2.7602 | Generator Loss: 2.5325 | Adversarial Loss: 0.4554 | Valid Loss: 2.5444 (Gen: 2.4405, Adv: 0.2078) | Perplexity: 12.58 (train) / 11.48 (val) | Token Acc: 11.21% (train) / 11.53% (val) | LR: 2.50e-04
Epoch 36/400: Total Loss: 2.7620 | Generator Loss: 2.5326 | Adversarial Loss: 0.4587 | Valid Loss: 2.5491 (Gen: 2.4459, Adv: 0.2064) | Perplexity: 12.59 (train) / 11.54 (val) | Token Acc: 11.18% (train) / 11.42% (val) | LR: 2.50e-04
Epoch 37: New best model saved! (Valid Loss: 2.5409 = Gen: 2.4354 + λ*Adv: 0.1055)
Epoch 37/400: Total Loss: 2.7626 | Generator Loss: 2.5330 | Adversarial Loss: 0.4593 | Valid Loss: 2.5409 (Gen: 2.4354, Adv: 0.2111) | Perplexity: 12.59 (train) / 11.42 (val) | Token Acc: 11.23% (train) / 11.50% (val) | LR: 2.50e-04
Epoch 38: New best model saved! (Valid Loss: 2.5405 = Gen: 2.4384 + λ*Adv: 0.1021)
Epoch 38/400: Total Loss: 2.7601 | Generator Loss: 2.5314 | Adversarial Loss: 0.4574 | Valid Loss: 2.5405 (Gen: 2.4384, Adv: 0.2042) | Perplexity: 12.57 (train) / 11.46 (val) | Token Acc: 11.24% (train) / 11.54% (val) | LR: 2.50e-04
Epoch 39: New best model saved! (Valid Loss: 2.5387 = Gen: 2.4380 + λ*Adv: 0.1008)
Epoch 39/400: Total Loss: 2.7604 | Generator Loss: 2.5310 | Adversarial Loss: 0.4588 | Valid Loss: 2.5387 (Gen: 2.4380, Adv: 0.2015) | Perplexity: 12.57 (train) / 11.45 (val) | Token Acc: 11.21% (train) / 11.51% (val) | LR: 2.50e-04
Epoch 40/400: Total Loss: 2.7618 | Generator Loss: 2.5312 | Adversarial Loss: 0.4611 | Valid Loss: 2.5401 (Gen: 2.4405, Adv: 0.1992) | Perplexity: 12.57 (train) / 11.48 (val) | Token Acc: 11.19% (train) / 11.45% (val) | LR: 2.50e-04
Epoch 41/400: Total Loss: 2.7621 | Generator Loss: 2.5319 | Adversarial Loss: 0.4604 | Valid Loss: 2.5491 (Gen: 2.4497, Adv: 0.1990) | Perplexity: 12.58 (train) / 11.58 (val) | Token Acc: 11.21% (train) / 11.37% (val) | LR: 2.50e-04
Epoch 42/400: Total Loss: 2.7614 | Generator Loss: 2.5315 | Adversarial Loss: 0.4599 | Valid Loss: 2.5392 (Gen: 2.4371, Adv: 0.2042) | Perplexity: 12.57 (train) / 11.44 (val) | Token Acc: 11.34% (train) / 11.51% (val) | LR: 2.50e-04
Epoch 43: New best model saved! (Valid Loss: 2.5368 = Gen: 2.4361 + λ*Adv: 0.1007)
Epoch 43/400: Total Loss: 2.7600 | Generator Loss: 2.5304 | Adversarial Loss: 0.4592 | Valid Loss: 2.5368 (Gen: 2.4361, Adv: 0.2013) | Perplexity: 12.56 (train) / 11.43 (val) | Token Acc: 11.19% (train) / 11.63% (val) | LR: 2.50e-04
Epoch 44: New best model saved! (Valid Loss: 2.5349 = Gen: 2.4366 + λ*Adv: 0.0984)
Epoch 44/400: Total Loss: 2.7610 | Generator Loss: 2.5295 | Adversarial Loss: 0.4628 | Valid Loss: 2.5349 (Gen: 2.4366, Adv: 0.1968) | Perplexity: 12.55 (train) / 11.43 (val) | Token Acc: 11.26% (train) / 11.53% (val) | LR: 2.50e-04
Epoch 45/400: Total Loss: 2.7583 | Generator Loss: 2.5288 | Adversarial Loss: 0.4591 | Valid Loss: 2.5416 (Gen: 2.4388, Adv: 0.2056) | Perplexity: 12.54 (train) / 11.46 (val) | Token Acc: 11.30% (train) / 11.40% (val) | LR: 2.50e-04
Epoch 46/400: Total Loss: 2.7872 | Generator Loss: 2.5558 | Adversarial Loss: 0.4628 | Valid Loss: 2.5496 (Gen: 2.4441, Adv: 0.2111) | Perplexity: 12.88 (train) / 11.52 (val) | Token Acc: 11.22% (train) / 11.51% (val) | LR: 2.50e-04
Epoch 47/400: Total Loss: 2.7626 | Generator Loss: 2.5324 | Adversarial Loss: 0.4604 | Valid Loss: 2.5600 (Gen: 2.4549, Adv: 0.2101) | Perplexity: 12.58 (train) / 11.65 (val) | Token Acc: 11.21% (train) / 11.42% (val) | LR: 2.50e-04
Epoch 48/400: Total Loss: 2.7663 | Generator Loss: 2.5360 | Adversarial Loss: 0.4605 | Valid Loss: 2.5365 (Gen: 2.4365, Adv: 0.1999) | Perplexity: 12.63 (train) / 11.43 (val) | Token Acc: 11.22% (train) / 11.33% (val) | LR: 2.50e-04
Epoch 49/400: Total Loss: 2.7589 | Generator Loss: 2.5286 | Adversarial Loss: 0.4605 | Valid Loss: 2.5357 (Gen: 2.4351, Adv: 0.2011) | Perplexity: 12.54 (train) / 11.42 (val) | Token Acc: 11.29% (train) / 11.62% (val) | LR: 2.50e-04
Epoch 00050: reducing learning rate of group 0 to 1.2500e-04.
Epoch 50/400: Total Loss: 2.7594 | Generator Loss: 2.5288 | Adversarial Loss: 0.4613 | Valid Loss: 2.5418 (Gen: 2.4384, Adv: 0.2068) | Perplexity: 12.54 (train) / 11.45 (val) | Token Acc: 11.22% (train) / 11.47% (val) | LR: 1.25e-04
Epoch 51: New best model saved! (Valid Loss: 2.5331 = Gen: 2.4324 + λ*Adv: 0.1007)
Epoch 51/400: Total Loss: 2.7576 | Generator Loss: 2.5265 | Adversarial Loss: 0.4623 | Valid Loss: 2.5331 (Gen: 2.4324, Adv: 0.2014) | Perplexity: 12.51 (train) / 11.39 (val) | Token Acc: 11.31% (train) / 11.48% (val) | LR: 1.25e-04
Epoch 52/400: Total Loss: 2.7560 | Generator Loss: 2.5261 | Adversarial Loss: 0.4599 | Valid Loss: 2.5360 (Gen: 2.4334, Adv: 0.2051) | Perplexity: 12.50 (train) / 11.40 (val) | Token Acc: 11.31% (train) / 11.50% (val) | LR: 1.25e-04
Epoch 53/400: Total Loss: 2.7541 | Generator Loss: 2.5255 | Adversarial Loss: 0.4572 | Valid Loss: 2.5347 (Gen: 2.4343, Adv: 0.2008) | Perplexity: 12.50 (train) / 11.41 (val) | Token Acc: 11.39% (train) / 11.53% (val) | LR: 1.25e-04
Epoch 54: New best model saved! (Valid Loss: 2.5317 = Gen: 2.4281 + λ*Adv: 0.1037)
Epoch 54/400: Total Loss: 2.7513 | Generator Loss: 2.5239 | Adversarial Loss: 0.4548 | Valid Loss: 2.5317 (Gen: 2.4281, Adv: 0.2074) | Perplexity: 12.48 (train) / 11.34 (val) | Token Acc: 11.37% (train) / 11.57% (val) | LR: 1.25e-04
Epoch 55: New best model saved! (Valid Loss: 2.5274 = Gen: 2.4241 + λ*Adv: 0.1033)
Epoch 55/400: Total Loss: 2.7447 | Generator Loss: 2.5214 | Adversarial Loss: 0.4466 | Valid Loss: 2.5274 (Gen: 2.4241, Adv: 0.2065) | Perplexity: 12.45 (train) / 11.29 (val) | Token Acc: 11.39% (train) / 11.46% (val) | LR: 1.25e-04
Epoch 56: New best model saved! (Valid Loss: 2.5212 = Gen: 2.4224 + λ*Adv: 0.0988)
Epoch 56/400: Total Loss: 2.7428 | Generator Loss: 2.5207 | Adversarial Loss: 0.4442 | Valid Loss: 2.5212 (Gen: 2.4224, Adv: 0.1977) | Perplexity: 12.44 (train) / 11.27 (val) | Token Acc: 11.44% (train) / 11.59% (val) | LR: 1.25e-04
Epoch 57/400: Total Loss: 2.7413 | Generator Loss: 2.5200 | Adversarial Loss: 0.4426 | Valid Loss: 2.5289 (Gen: 2.4226, Adv: 0.2125) | Perplexity: 12.43 (train) / 11.27 (val) | Token Acc: 11.31% (train) / 11.47% (val) | LR: 1.25e-04
Epoch 58/400: Total Loss: 2.7386 | Generator Loss: 2.5184 | Adversarial Loss: 0.4404 | Valid Loss: 2.5269 (Gen: 2.4267, Adv: 0.2005) | Perplexity: 12.41 (train) / 11.32 (val) | Token Acc: 11.39% (train) / 11.42% (val) | LR: 1.25e-04
Epoch 59/400: Total Loss: 2.7380 | Generator Loss: 2.5184 | Adversarial Loss: 0.4393 | Valid Loss: 2.5264 (Gen: 2.4216, Adv: 0.2097) | Perplexity: 12.41 (train) / 11.26 (val) | Token Acc: 11.44% (train) / 11.57% (val) | LR: 1.25e-04
Epoch 60/400: Total Loss: 2.7409 | Generator Loss: 2.5179 | Adversarial Loss: 0.4460 | Valid Loss: 2.5234 (Gen: 2.4226, Adv: 0.2016) | Perplexity: 12.40 (train) / 11.28 (val) | Token Acc: 11.41% (train) / 11.51% (val) | LR: 1.25e-04
Epoch 61/400: Total Loss: 2.7375 | Generator Loss: 2.5180 | Adversarial Loss: 0.4390 | Valid Loss: 2.5226 (Gen: 2.4202, Adv: 0.2049) | Perplexity: 12.40 (train) / 11.25 (val) | Token Acc: 11.43% (train) / 11.64% (val) | LR: 1.25e-04
Epoch 62: New best model saved! (Valid Loss: 2.5182 = Gen: 2.4197 + λ*Adv: 0.0985)
Epoch 62/400: Total Loss: 2.7376 | Generator Loss: 2.5180 | Adversarial Loss: 0.4392 | Valid Loss: 2.5182 (Gen: 2.4197, Adv: 0.1970) | Perplexity: 12.40 (train) / 11.24 (val) | Token Acc: 11.43% (train) / 11.76% (val) | LR: 1.25e-04
Epoch 63/400: Total Loss: 2.7371 | Generator Loss: 2.5170 | Adversarial Loss: 0.4401 | Valid Loss: 2.5245 (Gen: 2.4194, Adv: 0.2103) | Perplexity: 12.39 (train) / 11.24 (val) | Token Acc: 11.39% (train) / 11.69% (val) | LR: 1.25e-04
Epoch 64/400: Total Loss: 2.7344 | Generator Loss: 2.5169 | Adversarial Loss: 0.4350 | Valid Loss: 2.5247 (Gen: 2.4186, Adv: 0.2122) | Perplexity: 12.39 (train) / 11.23 (val) | Token Acc: 11.36% (train) / 11.75% (val) | LR: 1.25e-04
Epoch 65/400: Total Loss: 2.7349 | Generator Loss: 2.5160 | Adversarial Loss: 0.4378 | Valid Loss: 2.5249 (Gen: 2.4193, Adv: 0.2113) | Perplexity: 12.38 (train) / 11.24 (val) | Token Acc: 11.42% (train) / 11.75% (val) | LR: 1.25e-04
Epoch 66/400: Total Loss: 2.7381 | Generator Loss: 2.5161 | Adversarial Loss: 0.4441 | Valid Loss: 2.5295 (Gen: 2.4211, Adv: 0.2168) | Perplexity: 12.38 (train) / 11.26 (val) | Token Acc: 11.39% (train) / 11.87% (val) | LR: 1.25e-04
Epoch 67/400: Total Loss: 2.7392 | Generator Loss: 2.5163 | Adversarial Loss: 0.4458 | Valid Loss: 2.5284 (Gen: 2.4190, Adv: 0.2188) | Perplexity: 12.38 (train) / 11.24 (val) | Token Acc: 11.33% (train) / 11.73% (val) | LR: 1.25e-04
Epoch 00068: reducing learning rate of group 0 to 6.2500e-05.
Epoch 68/400: Total Loss: 2.7391 | Generator Loss: 2.5158 | Adversarial Loss: 0.4467 | Valid Loss: 2.5311 (Gen: 2.4228, Adv: 0.2166) | Perplexity: 12.38 (train) / 11.28 (val) | Token Acc: 11.40% (train) / 11.56% (val) | LR: 6.25e-05
Epoch 69/400: Total Loss: 2.7383 | Generator Loss: 2.5174 | Adversarial Loss: 0.4419 | Valid Loss: 2.5190 (Gen: 2.4172, Adv: 0.2035) | Perplexity: 12.40 (train) / 11.21 (val) | Token Acc: 11.53% (train) / 11.65% (val) | LR: 6.25e-05
Epoch 70/400: Total Loss: 2.7335 | Generator Loss: 2.5140 | Adversarial Loss: 0.4390 | Valid Loss: 2.5212 (Gen: 2.4170, Adv: 0.2084) | Perplexity: 12.35 (train) / 11.21 (val) | Token Acc: 11.49% (train) / 11.70% (val) | LR: 6.25e-05
Epoch 71/400: Total Loss: 2.7300 | Generator Loss: 2.5140 | Adversarial Loss: 0.4320 | Valid Loss: 2.5242 (Gen: 2.4197, Adv: 0.2089) | Perplexity: 12.35 (train) / 11.24 (val) | Token Acc: 11.45% (train) / 11.69% (val) | LR: 6.25e-05
Epoch 72/400: Total Loss: 2.7299 | Generator Loss: 2.5138 | Adversarial Loss: 0.4323 | Valid Loss: 2.5244 (Gen: 2.4191, Adv: 0.2107) | Perplexity: 12.35 (train) / 11.24 (val) | Token Acc: 11.50% (train) / 11.65% (val) | LR: 6.25e-05
Epoch 73/400: Total Loss: 2.7300 | Generator Loss: 2.5135 | Adversarial Loss: 0.4331 | Valid Loss: 2.5216 (Gen: 2.4171, Adv: 0.2091) | Perplexity: 12.35 (train) / 11.21 (val) | Token Acc: 11.48% (train) / 11.68% (val) | LR: 6.25e-05
Epoch 00074: reducing learning rate of group 0 to 3.1250e-05.
Epoch 74/400: Total Loss: 2.7319 | Generator Loss: 2.5137 | Adversarial Loss: 0.4364 | Valid Loss: 2.5231 (Gen: 2.4174, Adv: 0.2114) | Perplexity: 12.35 (train) / 11.22 (val) | Token Acc: 11.46% (train) / 11.75% (val) | LR: 3.13e-05
Epoch 75: New best model saved! (Valid Loss: 2.5181 = Gen: 2.4169 + λ*Adv: 0.1011)
Epoch 75/400: Total Loss: 2.7293 | Generator Loss: 2.5127 | Adversarial Loss: 0.4332 | Valid Loss: 2.5181 (Gen: 2.4169, Adv: 0.2022) | Perplexity: 12.34 (train) / 11.21 (val) | Token Acc: 11.54% (train) / 11.60% (val) | LR: 3.13e-05
Epoch 76/400: Total Loss: 2.7291 | Generator Loss: 2.5124 | Adversarial Loss: 0.4335 | Valid Loss: 2.5200 (Gen: 2.4168, Adv: 0.2064) | Perplexity: 12.33 (train) / 11.21 (val) | Token Acc: 11.50% (train) / 11.61% (val) | LR: 3.13e-05
Epoch 77/400: Total Loss: 2.7263 | Generator Loss: 2.5124 | Adversarial Loss: 0.4278 | Valid Loss: 2.5246 (Gen: 2.4173, Adv: 0.2146) | Perplexity: 12.33 (train) / 11.22 (val) | Token Acc: 11.46% (train) / 11.66% (val) | LR: 3.13e-05
Epoch 78/400: Total Loss: 2.7283 | Generator Loss: 2.5125 | Adversarial Loss: 0.4316 | Valid Loss: 2.5199 (Gen: 2.4166, Adv: 0.2066) | Perplexity: 12.34 (train) / 11.21 (val) | Token Acc: 11.54% (train) / 11.63% (val) | LR: 3.13e-05
Epoch 79/400: Total Loss: 2.7289 | Generator Loss: 2.5123 | Adversarial Loss: 0.4333 | Valid Loss: 2.5222 (Gen: 2.4174, Adv: 0.2097) | Perplexity: 12.33 (train) / 11.22 (val) | Token Acc: 11.56% (train) / 11.67% (val) | LR: 3.13e-05
Epoch 00080: reducing learning rate of group 0 to 1.5625e-05.
Epoch 80/400: Total Loss: 2.7279 | Generator Loss: 2.5125 | Adversarial Loss: 0.4307 | Valid Loss: 2.5216 (Gen: 2.4176, Adv: 0.2081) | Perplexity: 12.34 (train) / 11.22 (val) | Token Acc: 11.47% (train) / 11.71% (val) | LR: 1.56e-05
Epoch 81/400: Total Loss: 2.7276 | Generator Loss: 2.5118 | Adversarial Loss: 0.4315 | Valid Loss: 2.5236 (Gen: 2.4168, Adv: 0.2136) | Perplexity: 12.33 (train) / 11.21 (val) | Token Acc: 11.55% (train) / 11.65% (val) | LR: 1.56e-05
Epoch 82/400: Total Loss: 2.7265 | Generator Loss: 2.5114 | Adversarial Loss: 0.4302 | Valid Loss: 2.5216 (Gen: 2.4169, Adv: 0.2094) | Perplexity: 12.32 (train) / 11.21 (val) | Token Acc: 11.42% (train) / 11.65% (val) | LR: 1.56e-05
Epoch 83/400: Total Loss: 2.7279 | Generator Loss: 2.5118 | Adversarial Loss: 0.4323 | Valid Loss: 2.5244 (Gen: 2.4164, Adv: 0.2160) | Perplexity: 12.33 (train) / 11.21 (val) | Token Acc: 11.41% (train) / 11.66% (val) | LR: 1.56e-05
Epoch 84/400: Total Loss: 2.7280 | Generator Loss: 2.5115 | Adversarial Loss: 0.4331 | Valid Loss: 2.5181 (Gen: 2.4173, Adv: 0.2015) | Perplexity: 12.32 (train) / 11.22 (val) | Token Acc: 11.51% (train) / 11.60% (val) | LR: 1.56e-05
Epoch 85/400: Total Loss: 2.7290 | Generator Loss: 2.5115 | Adversarial Loss: 0.4350 | Valid Loss: 2.5246 (Gen: 2.4170, Adv: 0.2153) | Perplexity: 12.32 (train) / 11.21 (val) | Token Acc: 11.57% (train) / 11.62% (val) | LR: 1.56e-05
Epoch 00086: reducing learning rate of group 0 to 7.8125e-06.
Epoch 86/400: Total Loss: 2.7285 | Generator Loss: 2.5117 | Adversarial Loss: 0.4337 | Valid Loss: 2.5194 (Gen: 2.4167, Adv: 0.2053) | Perplexity: 12.33 (train) / 11.21 (val) | Token Acc: 11.52% (train) / 11.68% (val) | LR: 7.81e-06
Epoch 87/400: Total Loss: 2.7276 | Generator Loss: 2.5114 | Adversarial Loss: 0.4323 | Valid Loss: 2.5220 (Gen: 2.4167, Adv: 0.2106) | Perplexity: 12.32 (train) / 11.21 (val) | Token Acc: 11.46% (train) / 11.64% (val) | LR: 7.81e-06
Epoch 88/400: Total Loss: 2.7271 | Generator Loss: 2.5114 | Adversarial Loss: 0.4314 | Valid Loss: 2.5237 (Gen: 2.4166, Adv: 0.2142) | Perplexity: 12.32 (train) / 11.21 (val) | Token Acc: 11.49% (train) / 11.61% (val) | LR: 7.81e-06
Epoch 89/400: Total Loss: 2.7280 | Generator Loss: 2.5113 | Adversarial Loss: 0.4334 | Valid Loss: 2.5229 (Gen: 2.4168, Adv: 0.2121) | Perplexity: 12.32 (train) / 11.21 (val) | Token Acc: 11.47% (train) / 11.60% (val) | LR: 7.81e-06
Epoch 90/400: Total Loss: 2.7275 | Generator Loss: 2.5112 | Adversarial Loss: 0.4327 | Valid Loss: 2.5205 (Gen: 2.4163, Adv: 0.2084) | Perplexity: 12.32 (train) / 11.20 (val) | Token Acc: 11.42% (train) / 11.64% (val) | LR: 7.81e-06
Epoch 91/400: Total Loss: 2.7278 | Generator Loss: 2.5112 | Adversarial Loss: 0.4332 | Valid Loss: 2.5208 (Gen: 2.4167, Adv: 0.2081) | Perplexity: 12.32 (train) / 11.21 (val) | Token Acc: 11.60% (train) / 11.66% (val) | LR: 7.81e-06
Epoch 00092: reducing learning rate of group 0 to 3.9063e-06.
Epoch 92/400: Total Loss: 2.7282 | Generator Loss: 2.5113 | Adversarial Loss: 0.4340 | Valid Loss: 2.5241 (Gen: 2.4166, Adv: 0.2150) | Perplexity: 12.32 (train) / 11.21 (val) | Token Acc: 11.44% (train) / 11.63% (val) | LR: 3.91e-06
Epoch 93/400: Total Loss: 2.7284 | Generator Loss: 2.5111 | Adversarial Loss: 0.4345 | Valid Loss: 2.5194 (Gen: 2.4164, Adv: 0.2058) | Perplexity: 12.32 (train) / 11.21 (val) | Token Acc: 11.51% (train) / 11.65% (val) | LR: 3.91e-06
Epoch 94/400: Total Loss: 2.7268 | Generator Loss: 2.5107 | Adversarial Loss: 0.4321 | Valid Loss: 2.5235 (Gen: 2.4164, Adv: 0.2141) | Perplexity: 12.31 (train) / 11.21 (val) | Token Acc: 11.51% (train) / 11.65% (val) | LR: 3.91e-06
Epoch 95/400: Total Loss: 2.7277 | Generator Loss: 2.5110 | Adversarial Loss: 0.4333 | Valid Loss: 2.5198 (Gen: 2.4167, Adv: 0.2063) | Perplexity: 12.32 (train) / 11.21 (val) | Token Acc: 11.43% (train) / 11.62% (val) | LR: 3.91e-06
Epoch 96/400: Total Loss: 2.7267 | Generator Loss: 2.5110 | Adversarial Loss: 0.4314 | Valid Loss: 2.5237 (Gen: 2.4165, Adv: 0.2145) | Perplexity: 12.32 (train) / 11.21 (val) | Token Acc: 11.50% (train) / 11.63% (val) | LR: 3.91e-06
Epoch 97/400: Total Loss: 2.7264 | Generator Loss: 2.5111 | Adversarial Loss: 0.4306 | Valid Loss: 2.5231 (Gen: 2.4164, Adv: 0.2134) | Perplexity: 12.32 (train) / 11.21 (val) | Token Acc: 11.51% (train) / 11.64% (val) | LR: 3.91e-06
Epoch 00098: reducing learning rate of group 0 to 1.9531e-06.
Epoch 98/400: Total Loss: 2.7271 | Generator Loss: 2.5112 | Adversarial Loss: 0.4319 | Valid Loss: 2.5181 (Gen: 2.4164, Adv: 0.2034) | Perplexity: 12.32 (train) / 11.21 (val) | Token Acc: 11.48% (train) / 11.65% (val) | LR: 1.95e-06
Epoch 99/400: Total Loss: 2.7263 | Generator Loss: 2.5109 | Adversarial Loss: 0.4308 | Valid Loss: 2.5204 (Gen: 2.4165, Adv: 0.2078) | Perplexity: 12.32 (train) / 11.21 (val) | Token Acc: 11.47% (train) / 11.63% (val) | LR: 1.95e-06
Epoch 100/400: Total Loss: 2.7268 | Generator Loss: 2.5110 | Adversarial Loss: 0.4317 | Valid Loss: 2.5211 (Gen: 2.4164, Adv: 0.2093) | Perplexity: 12.32 (train) / 11.21 (val) | Token Acc: 11.46% (train) / 11.64% (val) | LR: 1.95e-06
Epoch 101/400: Total Loss: 2.7268 | Generator Loss: 2.5109 | Adversarial Loss: 0.4318 | Valid Loss: 2.5227 (Gen: 2.4165, Adv: 0.2123) | Perplexity: 12.32 (train) / 11.21 (val) | Token Acc: 11.49% (train) / 11.64% (val) | LR: 1.95e-06
Epoch 102/400: Total Loss: 2.7274 | Generator Loss: 2.5110 | Adversarial Loss: 0.4328 | Valid Loss: 2.5198 (Gen: 2.4165, Adv: 0.2066) | Perplexity: 12.32 (train) / 11.21 (val) | Token Acc: 11.46% (train) / 11.63% (val) | LR: 1.95e-06
Epoch 103/400: Total Loss: 2.7257 | Generator Loss: 2.5108 | Adversarial Loss: 0.4297 | Valid Loss: 2.5213 (Gen: 2.4165, Adv: 0.2097) | Perplexity: 12.31 (train) / 11.21 (val) | Token Acc: 11.46% (train) / 11.64% (val) | LR: 1.95e-06
Epoch 00104: reducing learning rate of group 0 to 1.0000e-06.
Epoch 104/400: Total Loss: 2.7268 | Generator Loss: 2.5109 | Adversarial Loss: 0.4319 | Valid Loss: 2.5207 (Gen: 2.4164, Adv: 0.2085) | Perplexity: 12.32 (train) / 11.21 (val) | Token Acc: 11.52% (train) / 11.61% (val) | LR: 1.00e-06
Epoch 105/400: Total Loss: 2.7267 | Generator Loss: 2.5108 | Adversarial Loss: 0.4317 | Valid Loss: 2.5190 (Gen: 2.4164, Adv: 0.2052) | Perplexity: 12.32 (train) / 11.21 (val) | Token Acc: 11.49% (train) / 11.63% (val) | LR: 1.00e-06
Epoch 106/400: Total Loss: 2.7272 | Generator Loss: 2.5108 | Adversarial Loss: 0.4328 | Valid Loss: 2.5216 (Gen: 2.4165, Adv: 0.2103) | Perplexity: 12.31 (train) / 11.21 (val) | Token Acc: 11.43% (train) / 11.63% (val) | LR: 1.00e-06
Epoch 107/400: Total Loss: 2.7269 | Generator Loss: 2.5108 | Adversarial Loss: 0.4322 | Valid Loss: 2.5201 (Gen: 2.4165, Adv: 0.2072) | Perplexity: 12.32 (train) / 11.21 (val) | Token Acc: 11.52% (train) / 11.61% (val) | LR: 1.00e-06
Epoch 108/400: Total Loss: 2.7263 | Generator Loss: 2.5108 | Adversarial Loss: 0.4308 | Valid Loss: 2.5212 (Gen: 2.4165, Adv: 0.2095) | Perplexity: 12.32 (train) / 11.21 (val) | Token Acc: 11.43% (train) / 11.63% (val) | LR: 1.00e-06
Epoch 109/400: Total Loss: 2.7286 | Generator Loss: 2.5109 | Adversarial Loss: 0.4353 | Valid Loss: 2.5216 (Gen: 2.4165, Adv: 0.2101) | Perplexity: 12.32 (train) / 11.21 (val) | Token Acc: 11.45% (train) / 11.63% (val) | LR: 1.00e-06
Epoch 110/400: Total Loss: 2.7269 | Generator Loss: 2.5108 | Adversarial Loss: 0.4320 | Valid Loss: 2.5213 (Gen: 2.4165, Adv: 0.2095) | Perplexity: 12.32 (train) / 11.21 (val) | Token Acc: 11.55% (train) / 11.64% (val) | LR: 1.00e-06
Epoch 111/400: Total Loss: 2.7286 | Generator Loss: 2.5108 | Adversarial Loss: 0.4357 | Valid Loss: 2.5188 (Gen: 2.4164, Adv: 0.2047) | Perplexity: 12.31 (train) / 11.21 (val) | Token Acc: 11.55% (train) / 11.64% (val) | LR: 1.00e-06
Epoch 112/400: Total Loss: 2.7278 | Generator Loss: 2.5108 | Adversarial Loss: 0.4340 | Valid Loss: 2.5197 (Gen: 2.4164, Adv: 0.2065) | Perplexity: 12.31 (train) / 11.21 (val) | Token Acc: 11.44% (train) / 11.64% (val) | LR: 1.00e-06
Epoch 113/400: Total Loss: 2.7278 | Generator Loss: 2.5110 | Adversarial Loss: 0.4335 | Valid Loss: 2.5198 (Gen: 2.4165, Adv: 0.2066) | Perplexity: 12.32 (train) / 11.21 (val) | Token Acc: 11.51% (train) / 11.65% (val) | LR: 1.00e-06
Epoch 114/400: Total Loss: 2.7296 | Generator Loss: 2.5108 | Adversarial Loss: 0.4375 | Valid Loss: 2.5237 (Gen: 2.4165, Adv: 0.2143) | Perplexity: 12.32 (train) / 11.21 (val) | Token Acc: 11.44% (train) / 11.64% (val) | LR: 1.00e-06
Epoch 115/400: Total Loss: 2.7260 | Generator Loss: 2.5110 | Adversarial Loss: 0.4301 | Valid Loss: 2.5190 (Gen: 2.4165, Adv: 0.2050) | Perplexity: 12.32 (train) / 11.21 (val) | Token Acc: 11.59% (train) / 11.64% (val) | LR: 1.00e-06
Epoch 116/400: Total Loss: 2.7283 | Generator Loss: 2.5108 | Adversarial Loss: 0.4348 | Valid Loss: 2.5207 (Gen: 2.4165, Adv: 0.2083) | Perplexity: 12.32 (train) / 11.21 (val) | Token Acc: 11.48% (train) / 11.64% (val) | LR: 1.00e-06
Epoch 117/400: Total Loss: 2.7274 | Generator Loss: 2.5108 | Adversarial Loss: 0.4334 | Valid Loss: 2.5201 (Gen: 2.4165, Adv: 0.2073) | Perplexity: 12.31 (train) / 11.21 (val) | Token Acc: 11.47% (train) / 11.63% (val) | LR: 1.00e-06
Epoch 118/400: Total Loss: 2.7267 | Generator Loss: 2.5107 | Adversarial Loss: 0.4319 | Valid Loss: 2.5205 (Gen: 2.4165, Adv: 0.2081) | Perplexity: 12.31 (train) / 11.21 (val) | Token Acc: 11.42% (train) / 11.62% (val) | LR: 1.00e-06
Epoch 119/400: Total Loss: 2.7280 | Generator Loss: 2.5108 | Adversarial Loss: 0.4344 | Valid Loss: 2.5188 (Gen: 2.4165, Adv: 0.2045) | Perplexity: 12.32 (train) / 11.21 (val) | Token Acc: 11.47% (train) / 11.63% (val) | LR: 1.00e-06
Epoch 120/400: Total Loss: 2.7277 | Generator Loss: 2.5109 | Adversarial Loss: 0.4335 | Valid Loss: 2.5191 (Gen: 2.4165, Adv: 0.2052) | Perplexity: 12.32 (train) / 11.21 (val) | Token Acc: 11.49% (train) / 11.64% (val) | LR: 1.00e-06
Epoch 121/400: Total Loss: 2.7255 | Generator Loss: 2.5106 | Adversarial Loss: 0.4297 | Valid Loss: 2.5239 (Gen: 2.4164, Adv: 0.2151) | Perplexity: 12.31 (train) / 11.21 (val) | Token Acc: 11.48% (train) / 11.64% (val) | LR: 1.00e-06
Epoch 122/400: Total Loss: 2.7282 | Generator Loss: 2.5108 | Adversarial Loss: 0.4348 | Valid Loss: 2.5236 (Gen: 2.4165, Adv: 0.2142) | Perplexity: 12.32 (train) / 11.21 (val) | Token Acc: 11.54% (train) / 11.61% (val) | LR: 1.00e-06
Epoch 123/400: Total Loss: 2.7282 | Generator Loss: 2.5110 | Adversarial Loss: 0.4345 | Valid Loss: 2.5214 (Gen: 2.4164, Adv: 0.2101) | Perplexity: 12.32 (train) / 11.21 (val) | Token Acc: 11.38% (train) / 11.65% (val) | LR: 1.00e-06
Epoch 124/400: Total Loss: 2.7274 | Generator Loss: 2.5107 | Adversarial Loss: 0.4334 | Valid Loss: 2.5216 (Gen: 2.4165, Adv: 0.2103) | Perplexity: 12.31 (train) / 11.21 (val) | Token Acc: 11.44% (train) / 11.64% (val) | LR: 1.00e-06
Epoch 125/400: Total Loss: 2.7280 | Generator Loss: 2.5109 | Adversarial Loss: 0.4342 | Valid Loss: 2.5242 (Gen: 2.4165, Adv: 0.2155) | Perplexity: 12.32 (train) / 11.21 (val) | Token Acc: 11.47% (train) / 11.64% (val) | LR: 1.00e-06
Epoch 126/400: Total Loss: 2.7265 | Generator Loss: 2.5111 | Adversarial Loss: 0.4310 | Valid Loss: 2.5225 (Gen: 2.4165, Adv: 0.2120) | Perplexity: 12.32 (train) / 11.21 (val) | Token Acc: 11.43% (train) / 11.62% (val) | LR: 1.00e-06
Epoch 127/400: Total Loss: 2.7284 | Generator Loss: 2.5108 | Adversarial Loss: 0.4353 | Valid Loss: 2.5215 (Gen: 2.4164, Adv: 0.2101) | Perplexity: 12.31 (train) / 11.21 (val) | Token Acc: 11.50% (train) / 11.64% (val) | LR: 1.00e-06
Epoch 128/400: Total Loss: 2.7277 | Generator Loss: 2.5108 | Adversarial Loss: 0.4337 | Valid Loss: 2.5202 (Gen: 2.4164, Adv: 0.2076) | Perplexity: 12.32 (train) / 11.21 (val) | Token Acc: 11.46% (train) / 11.64% (val) | LR: 1.00e-06
Epoch 129/400: Total Loss: 2.7269 | Generator Loss: 2.5108 | Adversarial Loss: 0.4321 | Valid Loss: 2.5221 (Gen: 2.4165, Adv: 0.2112) | Perplexity: 12.31 (train) / 11.21 (val) | Token Acc: 11.45% (train) / 11.64% (val) | LR: 1.00e-06
Epoch 130/400: Total Loss: 2.7275 | Generator Loss: 2.5107 | Adversarial Loss: 0.4334 | Valid Loss: 2.5264 (Gen: 2.4164, Adv: 0.2199) | Perplexity: 12.31 (train) / 11.21 (val) | Token Acc: 11.43% (train) / 11.64% (val) | LR: 1.00e-06
Epoch 131/400: Total Loss: 2.7275 | Generator Loss: 2.5109 | Adversarial Loss: 0.4333 | Valid Loss: 2.5198 (Gen: 2.4165, Adv: 0.2067) | Perplexity: 12.32 (train) / 11.21 (val) | Token Acc: 11.40% (train) / 11.64% (val) | LR: 1.00e-06
Epoch 132/400: Total Loss: 2.7262 | Generator Loss: 2.5108 | Adversarial Loss: 0.4309 | Valid Loss: 2.5197 (Gen: 2.4165, Adv: 0.2064) | Perplexity: 12.31 (train) / 11.21 (val) | Token Acc: 11.49% (train) / 11.64% (val) | LR: 1.00e-06
Epoch 133/400: Total Loss: 2.7274 | Generator Loss: 2.5108 | Adversarial Loss: 0.4332 | Valid Loss: 2.5210 (Gen: 2.4164, Adv: 0.2091) | Perplexity: 12.31 (train) / 11.21 (val) | Token Acc: 11.58% (train) / 11.64% (val) | LR: 1.00e-06
Epoch 134/400: Total Loss: 2.7274 | Generator Loss: 2.5109 | Adversarial Loss: 0.4330 | Valid Loss: 2.5213 (Gen: 2.4164, Adv: 0.2097) | Perplexity: 12.32 (train) / 11.21 (val) | Token Acc: 11.47% (train) / 11.63% (val) | LR: 1.00e-06
Epoch 135: New best model saved! (Valid Loss: 2.5174 = Gen: 2.4166 + λ*Adv: 0.1009)
Epoch 135/400: Total Loss: 2.7273 | Generator Loss: 2.5109 | Adversarial Loss: 0.4328 | Valid Loss: 2.5174 (Gen: 2.4166, Adv: 0.2018) | Perplexity: 12.32 (train) / 11.21 (val) | Token Acc: 11.45% (train) / 11.62% (val) | LR: 1.00e-06
Epoch 136/400: Total Loss: 2.7277 | Generator Loss: 2.5107 | Adversarial Loss: 0.4339 | Valid Loss: 2.5187 (Gen: 2.4165, Adv: 0.2045) | Perplexity: 12.31 (train) / 11.21 (val) | Token Acc: 11.47% (train) / 11.64% (val) | LR: 1.00e-06
Epoch 137/400: Total Loss: 2.7261 | Generator Loss: 2.5108 | Adversarial Loss: 0.4307 | Valid Loss: 2.5218 (Gen: 2.4165, Adv: 0.2106) | Perplexity: 12.31 (train) / 11.21 (val) | Token Acc: 11.50% (train) / 11.64% (val) | LR: 1.00e-06
Epoch 138/400: Total Loss: 2.7264 | Generator Loss: 2.5110 | Adversarial Loss: 0.4309 | Valid Loss: 2.5222 (Gen: 2.4165, Adv: 0.2114) | Perplexity: 12.32 (train) / 11.21 (val) | Token Acc: 11.47% (train) / 11.63% (val) | LR: 1.00e-06
Epoch 139/400: Total Loss: 2.7269 | Generator Loss: 2.5107 | Adversarial Loss: 0.4324 | Valid Loss: 2.5215 (Gen: 2.4164, Adv: 0.2101) | Perplexity: 12.31 (train) / 11.21 (val) | Token Acc: 11.47% (train) / 11.65% (val) | LR: 1.00e-06
Epoch 140/400: Total Loss: 2.7279 | Generator Loss: 2.5109 | Adversarial Loss: 0.4340 | Valid Loss: 2.5195 (Gen: 2.4165, Adv: 0.2061) | Perplexity: 12.32 (train) / 11.21 (val) | Token Acc: 11.50% (train) / 11.65% (val) | LR: 1.00e-06
Epoch 141/400: Total Loss: 2.7281 | Generator Loss: 2.5108 | Adversarial Loss: 0.4345 | Valid Loss: 2.5218 (Gen: 2.4165, Adv: 0.2107) | Perplexity: 12.31 (train) / 11.21 (val) | Token Acc: 11.51% (train) / 11.65% (val) | LR: 1.00e-06
Epoch 142/400: Total Loss: 2.7276 | Generator Loss: 2.5108 | Adversarial Loss: 0.4337 | Valid Loss: 2.5188 (Gen: 2.4165, Adv: 0.2045) | Perplexity: 12.31 (train) / 11.21 (val) | Token Acc: 11.48% (train) / 11.64% (val) | LR: 1.00e-06
Epoch 143/400: Total Loss: 2.7265 | Generator Loss: 2.5108 | Adversarial Loss: 0.4314 | Valid Loss: 2.5196 (Gen: 2.4165, Adv: 0.2062) | Perplexity: 12.32 (train) / 11.21 (val) | Token Acc: 11.43% (train) / 11.64% (val) | LR: 1.00e-06
Epoch 144/400: Total Loss: 2.7283 | Generator Loss: 2.5108 | Adversarial Loss: 0.4351 | Valid Loss: 2.5191 (Gen: 2.4165, Adv: 0.2053) | Perplexity: 12.31 (train) / 11.21 (val) | Token Acc: 11.48% (train) / 11.64% (val) | LR: 1.00e-06
Epoch 145/400: Total Loss: 2.7279 | Generator Loss: 2.5107 | Adversarial Loss: 0.4344 | Valid Loss: 2.5199 (Gen: 2.4165, Adv: 0.2069) | Perplexity: 12.31 (train) / 11.21 (val) | Token Acc: 11.46% (train) / 11.64% (val) | LR: 1.00e-06
Epoch 146/400: Total Loss: 2.7270 | Generator Loss: 2.5108 | Adversarial Loss: 0.4324 | Valid Loss: 2.5224 (Gen: 2.4165, Adv: 0.2119) | Perplexity: 12.31 (train) / 11.21 (val) | Token Acc: 11.45% (train) / 11.64% (val) | LR: 1.00e-06
Epoch 147/400: Total Loss: 2.7260 | Generator Loss: 2.5107 | Adversarial Loss: 0.4306 | Valid Loss: 2.5225 (Gen: 2.4164, Adv: 0.2121) | Perplexity: 12.31 (train) / 11.21 (val) | Token Acc: 11.55% (train) / 11.65% (val) | LR: 1.00e-06
Epoch 148/400: Total Loss: 2.7263 | Generator Loss: 2.5109 | Adversarial Loss: 0.4308 | Valid Loss: 2.5230 (Gen: 2.4164, Adv: 0.2131) | Perplexity: 12.32 (train) / 11.21 (val) | Token Acc: 11.48% (train) / 11.64% (val) | LR: 1.00e-06
Epoch 149/400: Total Loss: 2.7271 | Generator Loss: 2.5107 | Adversarial Loss: 0.4328 | Valid Loss: 2.5218 (Gen: 2.4165, Adv: 0.2105) | Perplexity: 12.31 (train) / 11.21 (val) | Token Acc: 11.51% (train) / 11.63% (val) | LR: 1.00e-06
Epoch 150/400: Total Loss: 2.7279 | Generator Loss: 2.5107 | Adversarial Loss: 0.4345 | Valid Loss: 2.5206 (Gen: 2.4164, Adv: 0.2083) | Perplexity: 12.31 (train) / 11.21 (val) | Token Acc: 11.47% (train) / 11.65% (val) | LR: 1.00e-06
Epoch 151/400: Total Loss: 2.7278 | Generator Loss: 2.5107 | Adversarial Loss: 0.4342 | Valid Loss: 2.5206 (Gen: 2.4165, Adv: 0.2083) | Perplexity: 12.31 (train) / 11.21 (val) | Token Acc: 11.50% (train) / 11.64% (val) | LR: 1.00e-06
Epoch 152/400: Total Loss: 2.7274 | Generator Loss: 2.5108 | Adversarial Loss: 0.4332 | Valid Loss: 2.5201 (Gen: 2.4165, Adv: 0.2073) | Perplexity: 12.32 (train) / 11.21 (val) | Token Acc: 11.59% (train) / 11.64% (val) | LR: 1.00e-06
Epoch 153/400: Total Loss: 2.7271 | Generator Loss: 2.5107 | Adversarial Loss: 0.4328 | Valid Loss: 2.5224 (Gen: 2.4165, Adv: 0.2118) | Perplexity: 12.31 (train) / 11.21 (val) | Token Acc: 11.45% (train) / 11.64% (val) | LR: 1.00e-06
Epoch 154/400: Total Loss: 2.7277 | Generator Loss: 2.5108 | Adversarial Loss: 0.4339 | Valid Loss: 2.5214 (Gen: 2.4166, Adv: 0.2097) | Perplexity: 12.31 (train) / 11.21 (val) | Token Acc: 11.54% (train) / 11.65% (val) | LR: 1.00e-06
Epoch 155/400: Total Loss: 2.7266 | Generator Loss: 2.5109 | Adversarial Loss: 0.4315 | Valid Loss: 2.5228 (Gen: 2.4165, Adv: 0.2125) | Perplexity: 12.32 (train) / 11.21 (val) | Token Acc: 11.52% (train) / 11.63% (val) | LR: 1.00e-06
Epoch 156/400: Total Loss: 2.7273 | Generator Loss: 2.5108 | Adversarial Loss: 0.4329 | Valid Loss: 2.5196 (Gen: 2.4165, Adv: 0.2063) | Perplexity: 12.32 (train) / 11.21 (val) | Token Acc: 11.59% (train) / 11.65% (val) | LR: 1.00e-06
Epoch 157/400: Total Loss: 2.7272 | Generator Loss: 2.5108 | Adversarial Loss: 0.4328 | Valid Loss: 2.5202 (Gen: 2.4165, Adv: 0.2074) | Perplexity: 12.32 (train) / 11.21 (val) | Token Acc: 11.47% (train) / 11.64% (val) | LR: 1.00e-06
Epoch 158/400: Total Loss: 2.7263 | Generator Loss: 2.5107 | Adversarial Loss: 0.4312 | Valid Loss: 2.5219 (Gen: 2.4165, Adv: 0.2108) | Perplexity: 12.31 (train) / 11.21 (val) | Token Acc: 11.49% (train) / 11.64% (val) | LR: 1.00e-06
Epoch 159/400: Total Loss: 2.7274 | Generator Loss: 2.5108 | Adversarial Loss: 0.4331 | Valid Loss: 2.5201 (Gen: 2.4165, Adv: 0.2071) | Perplexity: 12.31 (train) / 11.21 (val) | Token Acc: 11.47% (train) / 11.64% (val) | LR: 1.00e-06
Epoch 160/400: Total Loss: 2.7269 | Generator Loss: 2.5108 | Adversarial Loss: 0.4321 | Valid Loss: 2.5191 (Gen: 2.4165, Adv: 0.2053) | Perplexity: 12.31 (train) / 11.21 (val) | Token Acc: 11.52% (train) / 11.65% (val) | LR: 1.00e-06
Epoch 161/400: Total Loss: 2.7267 | Generator Loss: 2.5109 | Adversarial Loss: 0.4315 | Valid Loss: 2.5207 (Gen: 2.4165, Adv: 0.2085) | Perplexity: 12.32 (train) / 11.21 (val) | Token Acc: 11.45% (train) / 11.63% (val) | LR: 1.00e-06
Epoch 162/400: Total Loss: 2.7272 | Generator Loss: 2.5106 | Adversarial Loss: 0.4332 | Valid Loss: 2.5193 (Gen: 2.4165, Adv: 0.2056) | Perplexity: 12.31 (train) / 11.21 (val) | Token Acc: 11.39% (train) / 11.63% (val) | LR: 1.00e-06
Epoch 163/400: Total Loss: 2.7279 | Generator Loss: 2.5107 | Adversarial Loss: 0.4344 | Valid Loss: 2.5199 (Gen: 2.4165, Adv: 0.2068) | Perplexity: 12.31 (train) / 11.21 (val) | Token Acc: 11.45% (train) / 11.63% (val) | LR: 1.00e-06
Epoch 164/400: Total Loss: 2.7276 | Generator Loss: 2.5108 | Adversarial Loss: 0.4336 | Valid Loss: 2.5219 (Gen: 2.4165, Adv: 0.2108) | Perplexity: 12.32 (train) / 11.21 (val) | Token Acc: 11.46% (train) / 11.65% (val) | LR: 1.00e-06
Epoch 165/400: Total Loss: 2.7262 | Generator Loss: 2.5108 | Adversarial Loss: 0.4310 | Valid Loss: 2.5204 (Gen: 2.4164, Adv: 0.2079) | Perplexity: 12.31 (train) / 11.21 (val) | Token Acc: 11.42% (train) / 11.65% (val) | LR: 1.00e-06
Epoch 166/400: Total Loss: 2.7261 | Generator Loss: 2.5108 | Adversarial Loss: 0.4305 | Valid Loss: 2.5209 (Gen: 2.4164, Adv: 0.2090) | Perplexity: 12.31 (train) / 11.21 (val) | Token Acc: 11.52% (train) / 11.65% (val) | LR: 1.00e-06
Epoch 167/400: Total Loss: 2.7277 | Generator Loss: 2.5107 | Adversarial Loss: 0.4341 | Valid Loss: 2.5192 (Gen: 2.4164, Adv: 0.2056) | Perplexity: 12.31 (train) / 11.21 (val) | Token Acc: 11.50% (train) / 11.65% (val) | LR: 1.00e-06
Epoch 168/400: Total Loss: 2.7281 | Generator Loss: 2.5109 | Adversarial Loss: 0.4345 | Valid Loss: 2.5228 (Gen: 2.4165, Adv: 0.2126) | Perplexity: 12.32 (train) / 11.21 (val) | Token Acc: 11.48% (train) / 11.65% (val) | LR: 1.00e-06
Epoch 169/400: Total Loss: 2.7284 | Generator Loss: 2.5107 | Adversarial Loss: 0.4354 | Valid Loss: 2.5233 (Gen: 2.4165, Adv: 0.2137) | Perplexity: 12.31 (train) / 11.21 (val) | Token Acc: 11.54% (train) / 11.64% (val) | LR: 1.00e-06
Epoch 170/400: Total Loss: 2.7271 | Generator Loss: 2.5105 | Adversarial Loss: 0.4332 | Valid Loss: 2.5245 (Gen: 2.4165, Adv: 0.2161) | Perplexity: 12.31 (train) / 11.21 (val) | Token Acc: 11.47% (train) / 11.65% (val) | LR: 1.00e-06
Epoch 171/400: Total Loss: 2.7255 | Generator Loss: 2.5108 | Adversarial Loss: 0.4294 | Valid Loss: 2.5231 (Gen: 2.4165, Adv: 0.2131) | Perplexity: 12.31 (train) / 11.21 (val) | Token Acc: 11.43% (train) / 11.64% (val) | LR: 1.00e-06
Epoch 172/400: Total Loss: 2.7277 | Generator Loss: 2.5107 | Adversarial Loss: 0.4338 | Valid Loss: 2.5199 (Gen: 2.4165, Adv: 0.2067) | Perplexity: 12.31 (train) / 11.21 (val) | Token Acc: 11.45% (train) / 11.64% (val) | LR: 1.00e-06
Epoch 173/400: Total Loss: 2.7275 | Generator Loss: 2.5106 | Adversarial Loss: 0.4338 | Valid Loss: 2.5199 (Gen: 2.4165, Adv: 0.2068) | Perplexity: 12.31 (train) / 11.21 (val) | Token Acc: 11.52% (train) / 11.64% (val) | LR: 1.00e-06
Epoch 174/400: Total Loss: 2.7271 | Generator Loss: 2.5107 | Adversarial Loss: 0.4329 | Valid Loss: 2.5219 (Gen: 2.4164, Adv: 0.2108) | Perplexity: 12.31 (train) / 11.21 (val) | Token Acc: 11.42% (train) / 11.64% (val) | LR: 1.00e-06
Epoch 175/400: Total Loss: 2.7273 | Generator Loss: 2.5108 | Adversarial Loss: 0.4330 | Valid Loss: 2.5183 (Gen: 2.4165, Adv: 0.2036) | Perplexity: 12.31 (train) / 11.21 (val) | Token Acc: 11.52% (train) / 11.64% (val) | LR: 1.00e-06
Epoch 176/400: Total Loss: 2.7283 | Generator Loss: 2.5109 | Adversarial Loss: 0.4348 | Valid Loss: 2.5196 (Gen: 2.4164, Adv: 0.2064) | Perplexity: 12.32 (train) / 11.21 (val) | Token Acc: 11.51% (train) / 11.64% (val) | LR: 1.00e-06
Epoch 177/400: Total Loss: 2.7270 | Generator Loss: 2.5109 | Adversarial Loss: 0.4322 | Valid Loss: 2.5205 (Gen: 2.4165, Adv: 0.2080) | Perplexity: 12.32 (train) / 11.21 (val) | Token Acc: 11.58% (train) / 11.64% (val) | LR: 1.00e-06
Epoch 178/400: Total Loss: 2.7273 | Generator Loss: 2.5108 | Adversarial Loss: 0.4331 | Valid Loss: 2.5205 (Gen: 2.4165, Adv: 0.2081) | Perplexity: 12.31 (train) / 11.21 (val) | Token Acc: 11.52% (train) / 11.64% (val) | LR: 1.00e-06
Epoch 179/400: Total Loss: 2.7268 | Generator Loss: 2.5108 | Adversarial Loss: 0.4320 | Valid Loss: 2.5214 (Gen: 2.4165, Adv: 0.2098) | Perplexity: 12.31 (train) / 11.21 (val) | Token Acc: 11.55% (train) / 11.64% (val) | LR: 1.00e-06
Epoch 180/400: Total Loss: 2.7274 | Generator Loss: 2.5106 | Adversarial Loss: 0.4335 | Valid Loss: 2.5216 (Gen: 2.4165, Adv: 0.2103) | Perplexity: 12.31 (train) / 11.21 (val) | Token Acc: 11.52% (train) / 11.65% (val) | LR: 1.00e-06
Epoch 181/400: Total Loss: 2.7265 | Generator Loss: 2.5107 | Adversarial Loss: 0.4316 | Valid Loss: 2.5220 (Gen: 2.4164, Adv: 0.2112) | Perplexity: 12.31 (train) / 11.21 (val) | Token Acc: 11.52% (train) / 11.65% (val) | LR: 1.00e-06
Epoch 182/400: Total Loss: 2.7281 | Generator Loss: 2.5107 | Adversarial Loss: 0.4348 | Valid Loss: 2.5226 (Gen: 2.4165, Adv: 0.2122) | Perplexity: 12.31 (train) / 11.21 (val) | Token Acc: 11.50% (train) / 11.64% (val) | LR: 1.00e-06
Epoch 183/400: Total Loss: 2.7265 | Generator Loss: 2.5105 | Adversarial Loss: 0.4320 | Valid Loss: 2.5188 (Gen: 2.4165, Adv: 0.2046) | Perplexity: 12.31 (train) / 11.21 (val) | Token Acc: 11.45% (train) / 11.65% (val) | LR: 1.00e-06
Epoch 184/400: Total Loss: 2.7268 | Generator Loss: 2.5106 | Adversarial Loss: 0.4325 | Valid Loss: 2.5207 (Gen: 2.4165, Adv: 0.2084) | Perplexity: 12.31 (train) / 11.21 (val) | Token Acc: 11.55% (train) / 11.65% (val) | LR: 1.00e-06
Epoch 185/400: Total Loss: 2.7282 | Generator Loss: 2.5107 | Adversarial Loss: 0.4350 | Valid Loss: 2.5233 (Gen: 2.4165, Adv: 0.2136) | Perplexity: 12.31 (train) / 11.21 (val) | Token Acc: 11.49% (train) / 11.64% (val) | LR: 1.00e-06
Epoch 186/400: Total Loss: 2.7282 | Generator Loss: 2.5107 | Adversarial Loss: 0.4350 | Valid Loss: 2.5203 (Gen: 2.4165, Adv: 0.2076) | Perplexity: 12.31 (train) / 11.21 (val) | Token Acc: 11.48% (train) / 11.64% (val) | LR: 1.00e-06
Epoch 187/400: Total Loss: 2.7273 | Generator Loss: 2.5106 | Adversarial Loss: 0.4334 | Valid Loss: 2.5231 (Gen: 2.4164, Adv: 0.2133) | Perplexity: 12.31 (train) / 11.21 (val) | Token Acc: 11.45% (train) / 11.65% (val) | LR: 1.00e-06
Epoch 188/400: Total Loss: 2.7259 | Generator Loss: 2.5106 | Adversarial Loss: 0.4304 | Valid Loss: 2.5206 (Gen: 2.4164, Adv: 0.2083) | Perplexity: 12.31 (train) / 11.21 (val) | Token Acc: 11.49% (train) / 11.65% (val) | LR: 1.00e-06
Epoch 189/400: Total Loss: 2.7279 | Generator Loss: 2.5108 | Adversarial Loss: 0.4341 | Valid Loss: 2.5203 (Gen: 2.4165, Adv: 0.2076) | Perplexity: 12.32 (train) / 11.21 (val) | Token Acc: 11.58% (train) / 11.64% (val) | LR: 1.00e-06
Epoch 190/400: Total Loss: 2.7266 | Generator Loss: 2.5108 | Adversarial Loss: 0.4315 | Valid Loss: 2.5199 (Gen: 2.4165, Adv: 0.2068) | Perplexity: 12.32 (train) / 11.21 (val) | Token Acc: 11.50% (train) / 11.63% (val) | LR: 1.00e-06
Epoch 191/400: Total Loss: 2.7261 | Generator Loss: 2.5107 | Adversarial Loss: 0.4307 | Valid Loss: 2.5223 (Gen: 2.4165, Adv: 0.2116) | Perplexity: 12.31 (train) / 11.21 (val) | Token Acc: 11.50% (train) / 11.65% (val) | LR: 1.00e-06
Epoch 192/400: Total Loss: 2.7286 | Generator Loss: 2.5106 | Adversarial Loss: 0.4361 | Valid Loss: 2.5204 (Gen: 2.4164, Adv: 0.2080) | Perplexity: 12.31 (train) / 11.21 (val) | Token Acc: 11.46% (train) / 11.64% (val) | LR: 1.00e-06
Epoch 193/400: Total Loss: 2.7262 | Generator Loss: 2.5108 | Adversarial Loss: 0.4309 | Valid Loss: 2.5203 (Gen: 2.4165, Adv: 0.2075) | Perplexity: 12.31 (train) / 11.21 (val) | Token Acc: 11.53% (train) / 11.65% (val) | LR: 1.00e-06
Epoch 194/400: Total Loss: 2.7265 | Generator Loss: 2.5106 | Adversarial Loss: 0.4319 | Valid Loss: 2.5219 (Gen: 2.4165, Adv: 0.2109) | Perplexity: 12.31 (train) / 11.21 (val) | Token Acc: 11.50% (train) / 11.64% (val) | LR: 1.00e-06
Epoch 195/400: Total Loss: 2.7264 | Generator Loss: 2.5107 | Adversarial Loss: 0.4314 | Valid Loss: 2.5207 (Gen: 2.4164, Adv: 0.2085) | Perplexity: 12.31 (train) / 11.21 (val) | Token Acc: 11.52% (train) / 11.65% (val) | LR: 1.00e-06
Epoch 196/400: Total Loss: 2.7262 | Generator Loss: 2.5107 | Adversarial Loss: 0.4309 | Valid Loss: 2.5202 (Gen: 2.4165, Adv: 0.2074) | Perplexity: 12.31 (train) / 11.21 (val) | Token Acc: 11.50% (train) / 11.65% (val) | LR: 1.00e-06
Epoch 197/400: Total Loss: 2.7273 | Generator Loss: 2.5106 | Adversarial Loss: 0.4334 | Valid Loss: 2.5193 (Gen: 2.4165, Adv: 0.2057) | Perplexity: 12.31 (train) / 11.21 (val) | Token Acc: 11.47% (train) / 11.65% (val) | LR: 1.00e-06
Epoch 198/400: Total Loss: 2.7283 | Generator Loss: 2.5104 | Adversarial Loss: 0.4358 | Valid Loss: 2.5207 (Gen: 2.4165, Adv: 0.2084) | Perplexity: 12.31 (train) / 11.21 (val) | Token Acc: 11.49% (train) / 11.64% (val) | LR: 1.00e-06
Epoch 199/400: Total Loss: 2.7269 | Generator Loss: 2.5106 | Adversarial Loss: 0.4327 | Valid Loss: 2.5211 (Gen: 2.4165, Adv: 0.2093) | Perplexity: 12.31 (train) / 11.21 (val) | Token Acc: 11.52% (train) / 11.65% (val) | LR: 1.00e-06
Epoch 200/400: Total Loss: 2.7274 | Generator Loss: 2.5107 | Adversarial Loss: 0.4335 | Valid Loss: 2.5223 (Gen: 2.4164, Adv: 0.2118) | Perplexity: 12.31 (train) / 11.21 (val) | Token Acc: 11.59% (train) / 11.64% (val) | LR: 1.00e-06
Epoch 201/400: Total Loss: 2.7265 | Generator Loss: 2.5107 | Adversarial Loss: 0.4317 | Valid Loss: 2.5222 (Gen: 2.4164, Adv: 0.2116) | Perplexity: 12.31 (train) / 11.21 (val) | Token Acc: 11.50% (train) / 11.64% (val) | LR: 1.00e-06
Epoch 202/400: Total Loss: 2.7268 | Generator Loss: 2.5105 | Adversarial Loss: 0.4326 | Valid Loss: 2.5219 (Gen: 2.4164, Adv: 0.2110) | Perplexity: 12.31 (train) / 11.21 (val) | Token Acc: 11.45% (train) / 11.63% (val) | LR: 1.00e-06
Epoch 203/400: Total Loss: 2.7261 | Generator Loss: 2.5105 | Adversarial Loss: 0.4312 | Valid Loss: 2.5190 (Gen: 2.4164, Adv: 0.2052) | Perplexity: 12.31 (train) / 11.21 (val) | Token Acc: 11.37% (train) / 11.64% (val) | LR: 1.00e-06
Epoch 204/400: Total Loss: 2.7267 | Generator Loss: 2.5106 | Adversarial Loss: 0.4322 | Valid Loss: 2.5202 (Gen: 2.4164, Adv: 0.2074) | Perplexity: 12.31 (train) / 11.21 (val) | Token Acc: 11.58% (train) / 11.63% (val) | LR: 1.00e-06
Epoch 205/400: Total Loss: 2.7285 | Generator Loss: 2.5107 | Adversarial Loss: 0.4356 | Valid Loss: 2.5217 (Gen: 2.4164, Adv: 0.2106) | Perplexity: 12.31 (train) / 11.21 (val) | Token Acc: 11.47% (train) / 11.65% (val) | LR: 1.00e-06
Epoch 206/400: Total Loss: 2.7269 | Generator Loss: 2.5107 | Adversarial Loss: 0.4324 | Valid Loss: 2.5216 (Gen: 2.4165, Adv: 0.2102) | Perplexity: 12.31 (train) / 11.21 (val) | Token Acc: 11.49% (train) / 11.64% (val) | LR: 1.00e-06
Epoch 207/400: Total Loss: 2.7272 | Generator Loss: 2.5107 | Adversarial Loss: 0.4330 | Valid Loss: 2.5212 (Gen: 2.4164, Adv: 0.2096) | Perplexity: 12.31 (train) / 11.21 (val) | Token Acc: 11.47% (train) / 11.64% (val) | LR: 1.00e-06
Epoch 208/400: Total Loss: 2.7268 | Generator Loss: 2.5108 | Adversarial Loss: 0.4320 | Valid Loss: 2.5205 (Gen: 2.4164, Adv: 0.2082) | Perplexity: 12.32 (train) / 11.21 (val) | Token Acc: 11.46% (train) / 11.64% (val) | LR: 1.00e-06
Epoch 209/400: Total Loss: 2.7274 | Generator Loss: 2.5108 | Adversarial Loss: 0.4332 | Valid Loss: 2.5207 (Gen: 2.4165, Adv: 0.2085) | Perplexity: 12.32 (train) / 11.21 (val) | Token Acc: 11.53% (train) / 11.65% (val) | LR: 1.00e-06
Epoch 210/400: Total Loss: 2.7268 | Generator Loss: 2.5107 | Adversarial Loss: 0.4322 | Valid Loss: 2.5181 (Gen: 2.4164, Adv: 0.2034) | Perplexity: 12.31 (train) / 11.21 (val) | Token Acc: 11.48% (train) / 11.64% (val) | LR: 1.00e-06
Epoch 211/400: Total Loss: 2.7270 | Generator Loss: 2.5107 | Adversarial Loss: 0.4326 | Valid Loss: 2.5204 (Gen: 2.4165, Adv: 0.2078) | Perplexity: 12.31 (train) / 11.21 (val) | Token Acc: 11.56% (train) / 11.65% (val) | LR: 1.00e-06
Epoch 212/400: Total Loss: 2.7271 | Generator Loss: 2.5107 | Adversarial Loss: 0.4329 | Valid Loss: 2.5238 (Gen: 2.4165, Adv: 0.2147) | Perplexity: 12.31 (train) / 11.21 (val) | Token Acc: 11.54% (train) / 11.64% (val) | LR: 1.00e-06
Epoch 213/400: Total Loss: 2.7264 | Generator Loss: 2.5107 | Adversarial Loss: 0.4314 | Valid Loss: 2.5208 (Gen: 2.4164, Adv: 0.2089) | Perplexity: 12.31 (train) / 11.21 (val) | Token Acc: 11.44% (train) / 11.65% (val) | LR: 1.00e-06
Epoch 214/400: Total Loss: 2.7276 | Generator Loss: 2.5107 | Adversarial Loss: 0.4337 | Valid Loss: 2.5226 (Gen: 2.4165, Adv: 0.2122) | Perplexity: 12.31 (train) / 11.21 (val) | Token Acc: 11.50% (train) / 11.64% (val) | LR: 1.00e-06
Epoch 215/400: Total Loss: 2.7276 | Generator Loss: 2.5106 | Adversarial Loss: 0.4339 | Valid Loss: 2.5200 (Gen: 2.4164, Adv: 0.2071) | Perplexity: 12.31 (train) / 11.21 (val) | Token Acc: 11.40% (train) / 11.65% (val) | LR: 1.00e-06
Epoch 216/400: Total Loss: 2.7255 | Generator Loss: 2.5104 | Adversarial Loss: 0.4303 | Valid Loss: 2.5206 (Gen: 2.4165, Adv: 0.2083) | Perplexity: 12.31 (train) / 11.21 (val) | Token Acc: 11.44% (train) / 11.64% (val) | LR: 1.00e-06
Epoch 217/400: Total Loss: 2.7272 | Generator Loss: 2.5106 | Adversarial Loss: 0.4331 | Valid Loss: 2.5234 (Gen: 2.4164, Adv: 0.2139) | Perplexity: 12.31 (train) / 11.21 (val) | Token Acc: 11.50% (train) / 11.66% (val) | LR: 1.00e-06
Epoch 218/400: Total Loss: 2.7270 | Generator Loss: 2.5104 | Adversarial Loss: 0.4331 | Valid Loss: 2.5218 (Gen: 2.4164, Adv: 0.2108) | Perplexity: 12.31 (train) / 11.21 (val) | Token Acc: 11.53% (train) / 11.64% (val) | LR: 1.00e-06
Epoch 219/400: Total Loss: 2.7264 | Generator Loss: 2.5106 | Adversarial Loss: 0.4315 | Valid Loss: 2.5215 (Gen: 2.4164, Adv: 0.2102) | Perplexity: 12.31 (train) / 11.21 (val) | Token Acc: 11.54% (train) / 11.65% (val) | LR: 1.00e-06
Epoch 220/400: Total Loss: 2.7270 | Generator Loss: 2.5106 | Adversarial Loss: 0.4326 | Valid Loss: 2.5209 (Gen: 2.4165, Adv: 0.2089) | Perplexity: 12.31 (train) / 11.21 (val) | Token Acc: 11.43% (train) / 11.64% (val) | LR: 1.00e-06
Epoch 221/400: Total Loss: 2.7273 | Generator Loss: 2.5105 | Adversarial Loss: 0.4336 | Valid Loss: 2.5202 (Gen: 2.4164, Adv: 0.2075) | Perplexity: 12.31 (train) / 11.21 (val) | Token Acc: 11.55% (train) / 11.63% (val) | LR: 1.00e-06
Epoch 222/400: Total Loss: 2.7268 | Generator Loss: 2.5105 | Adversarial Loss: 0.4325 | Valid Loss: 2.5209 (Gen: 2.4164, Adv: 0.2090) | Perplexity: 12.31 (train) / 11.21 (val) | Token Acc: 11.52% (train) / 11.65% (val) | LR: 1.00e-06
Epoch 223/400: Total Loss: 2.7270 | Generator Loss: 2.5107 | Adversarial Loss: 0.4324 | Valid Loss: 2.5201 (Gen: 2.4165, Adv: 0.2074) | Perplexity: 12.31 (train) / 11.21 (val) | Token Acc: 11.39% (train) / 11.65% (val) | LR: 1.00e-06
Epoch 224/400: Total Loss: 2.7274 | Generator Loss: 2.5105 | Adversarial Loss: 0.4337 | Valid Loss: 2.5227 (Gen: 2.4164, Adv: 0.2125) | Perplexity: 12.31 (train) / 11.21 (val) | Token Acc: 11.50% (train) / 11.64% (val) | LR: 1.00e-06
Epoch 225/400: Total Loss: 2.7270 | Generator Loss: 2.5106 | Adversarial Loss: 0.4327 | Valid Loss: 2.5205 (Gen: 2.4164, Adv: 0.2083) | Perplexity: 12.31 (train) / 11.21 (val) | Token Acc: 11.46% (train) / 11.65% (val) | LR: 1.00e-06
Epoch 226/400: Total Loss: 2.7276 | Generator Loss: 2.5105 | Adversarial Loss: 0.4341 | Valid Loss: 2.5210 (Gen: 2.4165, Adv: 0.2091) | Perplexity: 12.31 (train) / 11.21 (val) | Token Acc: 11.52% (train) / 11.64% (val) | LR: 1.00e-06
Epoch 227/400: Total Loss: 2.7262 | Generator Loss: 2.5104 | Adversarial Loss: 0.4316 | Valid Loss: 2.5217 (Gen: 2.4164, Adv: 0.2107) | Perplexity: 12.31 (train) / 11.21 (val) | Token Acc: 11.48% (train) / 11.64% (val) | LR: 1.00e-06
Epoch 228/400: Total Loss: 2.7251 | Generator Loss: 2.5105 | Adversarial Loss: 0.4291 | Valid Loss: 2.5206 (Gen: 2.4164, Adv: 0.2083) | Perplexity: 12.31 (train) / 11.21 (val) | Token Acc: 11.41% (train) / 11.64% (val) | LR: 1.00e-06
Epoch 229/400: Total Loss: 2.7257 | Generator Loss: 2.5107 | Adversarial Loss: 0.4300 | Valid Loss: 2.5213 (Gen: 2.4164, Adv: 0.2097) | Perplexity: 12.31 (train) / 11.21 (val) | Token Acc: 11.48% (train) / 11.63% (val) | LR: 1.00e-06
Epoch 230/400: Total Loss: 2.7271 | Generator Loss: 2.5108 | Adversarial Loss: 0.4326 | Valid Loss: 2.5232 (Gen: 2.4164, Adv: 0.2136) | Perplexity: 12.31 (train) / 11.21 (val) | Token Acc: 11.54% (train) / 11.65% (val) | LR: 1.00e-06
Epoch 231/400: Total Loss: 2.7268 | Generator Loss: 2.5106 | Adversarial Loss: 0.4323 | Valid Loss: 2.5202 (Gen: 2.4164, Adv: 0.2077) | Perplexity: 12.31 (train) / 11.20 (val) | Token Acc: 11.48% (train) / 11.65% (val) | LR: 1.00e-06
Epoch 232/400: Total Loss: 2.7271 | Generator Loss: 2.5106 | Adversarial Loss: 0.4331 | Valid Loss: 2.5212 (Gen: 2.4164, Adv: 0.2097) | Perplexity: 12.31 (train) / 11.21 (val) | Token Acc: 11.53% (train) / 11.64% (val) | LR: 1.00e-06
Epoch 233/400: Total Loss: 2.7254 | Generator Loss: 2.5104 | Adversarial Loss: 0.4301 | Valid Loss: 2.5217 (Gen: 2.4163, Adv: 0.2107) | Perplexity: 12.31 (train) / 11.20 (val) | Token Acc: 11.52% (train) / 11.65% (val) | LR: 1.00e-06
Epoch 234/400: Total Loss: 2.7279 | Generator Loss: 2.5107 | Adversarial Loss: 0.4344 | Valid Loss: 2.5220 (Gen: 2.4164, Adv: 0.2112) | Perplexity: 12.31 (train) / 11.21 (val) | Token Acc: 11.46% (train) / 11.65% (val) | LR: 1.00e-06
Epoch 235/400: Total Loss: 2.7267 | Generator Loss: 2.5107 | Adversarial Loss: 0.4321 | Valid Loss: 2.5198 (Gen: 2.4164, Adv: 0.2070) | Perplexity: 12.31 (train) / 11.21 (val) | Token Acc: 11.50% (train) / 11.64% (val) | LR: 1.00e-06
Epoch 236/400: Total Loss: 2.7259 | Generator Loss: 2.5105 | Adversarial Loss: 0.4308 | Valid Loss: 2.5199 (Gen: 2.4164, Adv: 0.2071) | Perplexity: 12.31 (train) / 11.21 (val) | Token Acc: 11.42% (train) / 11.65% (val) | LR: 1.00e-06
Epoch 237/400: Total Loss: 2.7266 | Generator Loss: 2.5105 | Adversarial Loss: 0.4321 | Valid Loss: 2.5223 (Gen: 2.4163, Adv: 0.2119) | Perplexity: 12.31 (train) / 11.20 (val) | Token Acc: 11.48% (train) / 11.65% (val) | LR: 1.00e-06
Epoch 238/400: Total Loss: 2.7278 | Generator Loss: 2.5105 | Adversarial Loss: 0.4346 | Valid Loss: 2.5223 (Gen: 2.4164, Adv: 0.2118) | Perplexity: 12.31 (train) / 11.21 (val) | Token Acc: 11.54% (train) / 11.64% (val) | LR: 1.00e-06
Epoch 239/400: Total Loss: 2.7268 | Generator Loss: 2.5105 | Adversarial Loss: 0.4324 | Valid Loss: 2.5187 (Gen: 2.4164, Adv: 0.2045) | Perplexity: 12.31 (train) / 11.21 (val) | Token Acc: 11.58% (train) / 11.63% (val) | LR: 1.00e-06
Epoch 240/400: Total Loss: 2.7268 | Generator Loss: 2.5103 | Adversarial Loss: 0.4328 | Valid Loss: 2.5208 (Gen: 2.4163, Adv: 0.2089) | Perplexity: 12.31 (train) / 11.20 (val) | Token Acc: 11.48% (train) / 11.64% (val) | LR: 1.00e-06
Epoch 241/400: Total Loss: 2.7254 | Generator Loss: 2.5104 | Adversarial Loss: 0.4300 | Valid Loss: 2.5203 (Gen: 2.4163, Adv: 0.2080) | Perplexity: 12.31 (train) / 11.20 (val) | Token Acc: 11.50% (train) / 11.61% (val) | LR: 1.00e-06
Epoch 242/400: Total Loss: 2.7271 | Generator Loss: 2.5105 | Adversarial Loss: 0.4332 | Valid Loss: 2.5209 (Gen: 2.4164, Adv: 0.2090) | Perplexity: 12.31 (train) / 11.20 (val) | Token Acc: 11.52% (train) / 11.64% (val) | LR: 1.00e-06
Epoch 243/400: Total Loss: 2.7269 | Generator Loss: 2.5105 | Adversarial Loss: 0.4328 | Valid Loss: 2.5209 (Gen: 2.4164, Adv: 0.2091) | Perplexity: 12.31 (train) / 11.21 (val) | Token Acc: 11.46% (train) / 11.64% (val) | LR: 1.00e-06
Epoch 244/400: Total Loss: 2.7258 | Generator Loss: 2.5103 | Adversarial Loss: 0.4310 | Valid Loss: 2.5228 (Gen: 2.4163, Adv: 0.2130) | Perplexity: 12.31 (train) / 11.20 (val) | Token Acc: 11.45% (train) / 11.65% (val) | LR: 1.00e-06
Epoch 245/400: Total Loss: 2.7281 | Generator Loss: 2.5107 | Adversarial Loss: 0.4348 | Valid Loss: 2.5191 (Gen: 2.4164, Adv: 0.2056) | Perplexity: 12.31 (train) / 11.21 (val) | Token Acc: 11.49% (train) / 11.64% (val) | LR: 1.00e-06
Epoch 246/400: Total Loss: 2.7278 | Generator Loss: 2.5105 | Adversarial Loss: 0.4346 | Valid Loss: 2.5220 (Gen: 2.4163, Adv: 0.2113) | Perplexity: 12.31 (train) / 11.20 (val) | Token Acc: 11.46% (train) / 11.64% (val) | LR: 1.00e-06
Epoch 247/400: Total Loss: 2.7256 | Generator Loss: 2.5104 | Adversarial Loss: 0.4303 | Valid Loss: 2.5211 (Gen: 2.4163, Adv: 0.2096) | Perplexity: 12.31 (train) / 11.20 (val) | Token Acc: 11.44% (train) / 11.64% (val) | LR: 1.00e-06
Epoch 248/400: Total Loss: 2.7266 | Generator Loss: 2.5105 | Adversarial Loss: 0.4322 | Valid Loss: 2.5216 (Gen: 2.4162, Adv: 0.2107) | Perplexity: 12.31 (train) / 11.20 (val) | Token Acc: 11.48% (train) / 11.62% (val) | LR: 1.00e-06
Epoch 249/400: Total Loss: 2.7273 | Generator Loss: 2.5102 | Adversarial Loss: 0.4341 | Valid Loss: 2.5175 (Gen: 2.4163, Adv: 0.2024) | Perplexity: 12.31 (train) / 11.20 (val) | Token Acc: 11.51% (train) / 11.63% (val) | LR: 1.00e-06
Epoch 250/400: Total Loss: 2.7266 | Generator Loss: 2.5104 | Adversarial Loss: 0.4325 | Valid Loss: 2.5198 (Gen: 2.4163, Adv: 0.2070) | Perplexity: 12.31 (train) / 11.20 (val) | Token Acc: 11.53% (train) / 11.61% (val) | LR: 1.00e-06
Epoch 251/400: Total Loss: 2.7269 | Generator Loss: 2.5105 | Adversarial Loss: 0.4329 | Valid Loss: 2.5206 (Gen: 2.4163, Adv: 0.2087) | Perplexity: 12.31 (train) / 11.20 (val) | Token Acc: 11.42% (train) / 11.62% (val) | LR: 1.00e-06
Epoch 252/400: Total Loss: 2.7265 | Generator Loss: 2.5104 | Adversarial Loss: 0.4322 | Valid Loss: 2.5215 (Gen: 2.4162, Adv: 0.2105) | Perplexity: 12.31 (train) / 11.20 (val) | Token Acc: 11.56% (train) / 11.64% (val) | LR: 1.00e-06
Epoch 253/400: Total Loss: 2.7280 | Generator Loss: 2.5104 | Adversarial Loss: 0.4352 | Valid Loss: 2.5185 (Gen: 2.4163, Adv: 0.2044) | Perplexity: 12.31 (train) / 11.20 (val) | Token Acc: 11.51% (train) / 11.60% (val) | LR: 1.00e-06
Epoch 254/400: Total Loss: 2.7266 | Generator Loss: 2.5103 | Adversarial Loss: 0.4326 | Valid Loss: 2.5196 (Gen: 2.4162, Adv: 0.2068) | Perplexity: 12.31 (train) / 11.20 (val) | Token Acc: 11.51% (train) / 11.59% (val) | LR: 1.00e-06
Epoch 255/400: Total Loss: 2.7274 | Generator Loss: 2.5104 | Adversarial Loss: 0.4341 | Valid Loss: 2.5204 (Gen: 2.4163, Adv: 0.2082) | Perplexity: 12.31 (train) / 11.20 (val) | Token Acc: 11.54% (train) / 11.58% (val) | LR: 1.00e-06
Epoch 256/400: Total Loss: 2.7278 | Generator Loss: 2.5103 | Adversarial Loss: 0.4351 | Valid Loss: 2.5204 (Gen: 2.4163, Adv: 0.2083) | Perplexity: 12.31 (train) / 11.20 (val) | Token Acc: 11.49% (train) / 11.59% (val) | LR: 1.00e-06
Epoch 257/400: Total Loss: 2.7261 | Generator Loss: 2.5102 | Adversarial Loss: 0.4318 | Valid Loss: 2.5210 (Gen: 2.4162, Adv: 0.2096) | Perplexity: 12.31 (train) / 11.20 (val) | Token Acc: 11.51% (train) / 11.59% (val) | LR: 1.00e-06
Epoch 258/400: Total Loss: 2.7264 | Generator Loss: 2.5103 | Adversarial Loss: 0.4321 | Valid Loss: 2.5184 (Gen: 2.4162, Adv: 0.2045) | Perplexity: 12.31 (train) / 11.20 (val) | Token Acc: 11.43% (train) / 11.64% (val) | LR: 1.00e-06
Epoch 259/400: Total Loss: 2.7266 | Generator Loss: 2.5100 | Adversarial Loss: 0.4331 | Valid Loss: 2.5182 (Gen: 2.4161, Adv: 0.2041) | Perplexity: 12.31 (train) / 11.20 (val) | Token Acc: 11.59% (train) / 11.63% (val) | LR: 1.00e-06
Epoch 260/400: Total Loss: 2.7255 | Generator Loss: 2.5100 | Adversarial Loss: 0.4309 | Valid Loss: 2.5193 (Gen: 2.4161, Adv: 0.2065) | Perplexity: 12.31 (train) / 11.20 (val) | Token Acc: 11.44% (train) / 11.64% (val) | LR: 1.00e-06
Epoch 261/400: Total Loss: 2.7274 | Generator Loss: 2.5101 | Adversarial Loss: 0.4347 | Valid Loss: 2.5206 (Gen: 2.4160, Adv: 0.2091) | Perplexity: 12.31 (train) / 11.20 (val) | Token Acc: 11.54% (train) / 11.64% (val) | LR: 1.00e-06
Epoch 262/400: Total Loss: 2.7269 | Generator Loss: 2.5101 | Adversarial Loss: 0.4336 | Valid Loss: 2.5206 (Gen: 2.4160, Adv: 0.2094) | Perplexity: 12.31 (train) / 11.20 (val) | Token Acc: 11.51% (train) / 11.64% (val) | LR: 1.00e-06
Epoch 263/400: Total Loss: 2.7271 | Generator Loss: 2.5101 | Adversarial Loss: 0.4341 | Valid Loss: 2.5206 (Gen: 2.4159, Adv: 0.2094) | Perplexity: 12.31 (train) / 11.20 (val) | Token Acc: 11.49% (train) / 11.65% (val) | LR: 1.00e-06
Epoch 264/400: Total Loss: 2.7272 | Generator Loss: 2.5099 | Adversarial Loss: 0.4347 | Valid Loss: 2.5207 (Gen: 2.4159, Adv: 0.2096) | Perplexity: 12.30 (train) / 11.20 (val) | Token Acc: 11.57% (train) / 11.64% (val) | LR: 1.00e-06
Epoch 265/400: Total Loss: 2.7268 | Generator Loss: 2.5098 | Adversarial Loss: 0.4340 | Valid Loss: 2.5193 (Gen: 2.4158, Adv: 0.2070) | Perplexity: 12.30 (train) / 11.20 (val) | Token Acc: 11.47% (train) / 11.63% (val) | LR: 1.00e-06
Epoch 266/400: Total Loss: 2.7258 | Generator Loss: 2.5099 | Adversarial Loss: 0.4319 | Valid Loss: 2.5211 (Gen: 2.4157, Adv: 0.2108) | Perplexity: 12.30 (train) / 11.20 (val) | Token Acc: 11.51% (train) / 11.64% (val) | LR: 1.00e-06
Epoch 267/400: Total Loss: 2.7281 | Generator Loss: 2.5098 | Adversarial Loss: 0.4366 | Valid Loss: 2.5208 (Gen: 2.4156, Adv: 0.2105) | Perplexity: 12.30 (train) / 11.20 (val) | Token Acc: 11.50% (train) / 11.63% (val) | LR: 1.00e-06
Epoch 268/400: Total Loss: 2.7264 | Generator Loss: 2.5096 | Adversarial Loss: 0.4336 | Valid Loss: 2.5204 (Gen: 2.4156, Adv: 0.2097) | Perplexity: 12.30 (train) / 11.20 (val) | Token Acc: 11.52% (train) / 11.64% (val) | LR: 1.00e-06
Epoch 269/400: Total Loss: 2.7256 | Generator Loss: 2.5094 | Adversarial Loss: 0.4325 | Valid Loss: 2.5201 (Gen: 2.4155, Adv: 0.2092) | Perplexity: 12.30 (train) / 11.19 (val) | Token Acc: 11.48% (train) / 11.64% (val) | LR: 1.00e-06
Epoch 270/400: Total Loss: 2.7261 | Generator Loss: 2.5093 | Adversarial Loss: 0.4336 | Valid Loss: 2.5191 (Gen: 2.4154, Adv: 0.2076) | Perplexity: 12.30 (train) / 11.19 (val) | Token Acc: 11.38% (train) / 11.65% (val) | LR: 1.00e-06
Epoch 271/400: Total Loss: 2.7257 | Generator Loss: 2.5094 | Adversarial Loss: 0.4325 | Valid Loss: 2.5227 (Gen: 2.4154, Adv: 0.2146) | Perplexity: 12.30 (train) / 11.19 (val) | Token Acc: 11.44% (train) / 11.64% (val) | LR: 1.00e-06
Epoch 272/400: Total Loss: 2.7268 | Generator Loss: 2.5092 | Adversarial Loss: 0.4351 | Valid Loss: 2.5189 (Gen: 2.4154, Adv: 0.2070) | Perplexity: 12.30 (train) / 11.19 (val) | Token Acc: 11.43% (train) / 11.65% (val) | LR: 1.00e-06
Epoch 273/400: Total Loss: 2.7255 | Generator Loss: 2.5092 | Adversarial Loss: 0.4326 | Valid Loss: 2.5218 (Gen: 2.4153, Adv: 0.2131) | Perplexity: 12.29 (train) / 11.19 (val) | Token Acc: 11.50% (train) / 11.65% (val) | LR: 1.00e-06
Epoch 274/400: Total Loss: 2.7261 | Generator Loss: 2.5089 | Adversarial Loss: 0.4343 | Valid Loss: 2.5234 (Gen: 2.4154, Adv: 0.2159) | Perplexity: 12.29 (train) / 11.19 (val) | Token Acc: 11.55% (train) / 11.65% (val) | LR: 1.00e-06
Epoch 275/400: Total Loss: 2.7254 | Generator Loss: 2.5089 | Adversarial Loss: 0.4330 | Valid Loss: 2.5225 (Gen: 2.4153, Adv: 0.2144) | Perplexity: 12.29 (train) / 11.19 (val) | Token Acc: 11.58% (train) / 11.65% (val) | LR: 1.00e-06
Epoch 276/400: Total Loss: 2.7253 | Generator Loss: 2.5089 | Adversarial Loss: 0.4329 | Valid Loss: 2.5194 (Gen: 2.4154, Adv: 0.2081) | Perplexity: 12.29 (train) / 11.19 (val) | Token Acc: 11.57% (train) / 11.65% (val) | LR: 1.00e-06
Epoch 277/400: Total Loss: 2.7255 | Generator Loss: 2.5085 | Adversarial Loss: 0.4340 | Valid Loss: 2.5199 (Gen: 2.4154, Adv: 0.2089) | Perplexity: 12.29 (train) / 11.19 (val) | Token Acc: 11.58% (train) / 11.64% (val) | LR: 1.00e-06
Epoch 278/400: Total Loss: 2.7266 | Generator Loss: 2.5084 | Adversarial Loss: 0.4364 | Valid Loss: 2.5187 (Gen: 2.4154, Adv: 0.2066) | Perplexity: 12.29 (train) / 11.19 (val) | Token Acc: 11.51% (train) / 11.64% (val) | LR: 1.00e-06
Epoch 279/400: Total Loss: 2.7257 | Generator Loss: 2.5083 | Adversarial Loss: 0.4348 | Valid Loss: 2.5195 (Gen: 2.4154, Adv: 0.2082) | Perplexity: 12.28 (train) / 11.19 (val) | Token Acc: 11.56% (train) / 11.65% (val) | LR: 1.00e-06
Epoch 280/400: Total Loss: 2.7245 | Generator Loss: 2.5083 | Adversarial Loss: 0.4323 | Valid Loss: 2.5192 (Gen: 2.4154, Adv: 0.2075) | Perplexity: 12.28 (train) / 11.19 (val) | Token Acc: 11.56% (train) / 11.65% (val) | LR: 1.00e-06
Epoch 281/400: Total Loss: 2.7256 | Generator Loss: 2.5084 | Adversarial Loss: 0.4343 | Valid Loss: 2.5213 (Gen: 2.4154, Adv: 0.2119) | Perplexity: 12.29 (train) / 11.19 (val) | Token Acc: 11.48% (train) / 11.66% (val) | LR: 1.00e-06
Epoch 282: New best model saved! (Valid Loss: 2.5154 = Gen: 2.4154 + λ*Adv: 0.1000)
Epoch 282/400: Total Loss: 2.7255 | Generator Loss: 2.5081 | Adversarial Loss: 0.4349 | Valid Loss: 2.5154 (Gen: 2.4154, Adv: 0.2000) | Perplexity: 12.28 (train) / 11.19 (val) | Token Acc: 11.44% (train) / 11.67% (val) | LR: 1.00e-06
Epoch 283/400: Total Loss: 2.7264 | Generator Loss: 2.5083 | Adversarial Loss: 0.4362 | Valid Loss: 2.5174 (Gen: 2.4154, Adv: 0.2039) | Perplexity: 12.28 (train) / 11.19 (val) | Token Acc: 11.47% (train) / 11.65% (val) | LR: 1.00e-06
Epoch 284/400: Total Loss: 2.7248 | Generator Loss: 2.5079 | Adversarial Loss: 0.4337 | Valid Loss: 2.5196 (Gen: 2.4155, Adv: 0.2083) | Perplexity: 12.28 (train) / 11.20 (val) | Token Acc: 11.52% (train) / 11.66% (val) | LR: 1.00e-06
Epoch 285/400: Total Loss: 2.7254 | Generator Loss: 2.5081 | Adversarial Loss: 0.4345 | Valid Loss: 2.5188 (Gen: 2.4154, Adv: 0.2068) | Perplexity: 12.28 (train) / 11.19 (val) | Token Acc: 11.48% (train) / 11.69% (val) | LR: 1.00e-06
Epoch 286/400: Total Loss: 2.7252 | Generator Loss: 2.5080 | Adversarial Loss: 0.4344 | Valid Loss: 2.5239 (Gen: 2.4154, Adv: 0.2169) | Perplexity: 12.28 (train) / 11.19 (val) | Token Acc: 11.54% (train) / 11.65% (val) | LR: 1.00e-06
Epoch 287/400: Total Loss: 2.7257 | Generator Loss: 2.5080 | Adversarial Loss: 0.4354 | Valid Loss: 2.5187 (Gen: 2.4154, Adv: 0.2065) | Perplexity: 12.28 (train) / 11.19 (val) | Token Acc: 11.50% (train) / 11.68% (val) | LR: 1.00e-06
Epoch 288/400: Total Loss: 2.7251 | Generator Loss: 2.5079 | Adversarial Loss: 0.4346 | Valid Loss: 2.5189 (Gen: 2.4154, Adv: 0.2070) | Perplexity: 12.28 (train) / 11.19 (val) | Token Acc: 11.59% (train) / 11.66% (val) | LR: 1.00e-06
Epoch 289/400: Total Loss: 2.7258 | Generator Loss: 2.5078 | Adversarial Loss: 0.4360 | Valid Loss: 2.5226 (Gen: 2.4154, Adv: 0.2145) | Perplexity: 12.28 (train) / 11.19 (val) | Token Acc: 11.52% (train) / 11.68% (val) | LR: 1.00e-06
Epoch 290/400: Total Loss: 2.7250 | Generator Loss: 2.5077 | Adversarial Loss: 0.4347 | Valid Loss: 2.5227 (Gen: 2.4155, Adv: 0.2144) | Perplexity: 12.28 (train) / 11.19 (val) | Token Acc: 11.54% (train) / 11.68% (val) | LR: 1.00e-06
Epoch 291/400: Total Loss: 2.7249 | Generator Loss: 2.5079 | Adversarial Loss: 0.4339 | Valid Loss: 2.5173 (Gen: 2.4153, Adv: 0.2040) | Perplexity: 12.28 (train) / 11.19 (val) | Token Acc: 11.53% (train) / 11.68% (val) | LR: 1.00e-06
Epoch 292/400: Total Loss: 2.7258 | Generator Loss: 2.5077 | Adversarial Loss: 0.4360 | Valid Loss: 2.5197 (Gen: 2.4154, Adv: 0.2087) | Perplexity: 12.28 (train) / 11.19 (val) | Token Acc: 11.58% (train) / 11.67% (val) | LR: 1.00e-06
Epoch 293/400: Total Loss: 2.7250 | Generator Loss: 2.5077 | Adversarial Loss: 0.4347 | Valid Loss: 2.5177 (Gen: 2.4153, Adv: 0.2049) | Perplexity: 12.28 (train) / 11.19 (val) | Token Acc: 11.49% (train) / 11.71% (val) | LR: 1.00e-06
Epoch 294/400: Total Loss: 2.7264 | Generator Loss: 2.5074 | Adversarial Loss: 0.4380 | Valid Loss: 2.5210 (Gen: 2.4153, Adv: 0.2113) | Perplexity: 12.27 (train) / 11.19 (val) | Token Acc: 11.48% (train) / 11.70% (val) | LR: 1.00e-06
Epoch 295/400: Total Loss: 2.7241 | Generator Loss: 2.5075 | Adversarial Loss: 0.4333 | Valid Loss: 2.5221 (Gen: 2.4154, Adv: 0.2135) | Perplexity: 12.27 (train) / 11.19 (val) | Token Acc: 11.52% (train) / 11.71% (val) | LR: 1.00e-06
Epoch 296/400: Total Loss: 2.7242 | Generator Loss: 2.5075 | Adversarial Loss: 0.4334 | Valid Loss: 2.5210 (Gen: 2.4153, Adv: 0.2114) | Perplexity: 12.27 (train) / 11.19 (val) | Token Acc: 11.51% (train) / 11.71% (val) | LR: 1.00e-06
Epoch 297/400: Total Loss: 2.7255 | Generator Loss: 2.5076 | Adversarial Loss: 0.4360 | Valid Loss: 2.5232 (Gen: 2.4154, Adv: 0.2156) | Perplexity: 12.28 (train) / 11.19 (val) | Token Acc: 11.54% (train) / 11.71% (val) | LR: 1.00e-06
Epoch 298/400: Total Loss: 2.7256 | Generator Loss: 2.5074 | Adversarial Loss: 0.4363 | Valid Loss: 2.5192 (Gen: 2.4153, Adv: 0.2079) | Perplexity: 12.27 (train) / 11.19 (val) | Token Acc: 11.52% (train) / 11.70% (val) | LR: 1.00e-06
Epoch 299/400: Total Loss: 2.7239 | Generator Loss: 2.5074 | Adversarial Loss: 0.4331 | Valid Loss: 2.5196 (Gen: 2.4153, Adv: 0.2086) | Perplexity: 12.27 (train) / 11.19 (val) | Token Acc: 11.52% (train) / 11.69% (val) | LR: 1.00e-06
Epoch 300/400: Total Loss: 2.7253 | Generator Loss: 2.5071 | Adversarial Loss: 0.4362 | Valid Loss: 2.5205 (Gen: 2.4153, Adv: 0.2105) | Perplexity: 12.27 (train) / 11.19 (val) | Token Acc: 11.48% (train) / 11.70% (val) | LR: 1.00e-06
Epoch 301/400: Total Loss: 2.7246 | Generator Loss: 2.5070 | Adversarial Loss: 0.4351 | Valid Loss: 2.5229 (Gen: 2.4152, Adv: 0.2154) | Perplexity: 12.27 (train) / 11.19 (val) | Token Acc: 11.48% (train) / 11.72% (val) | LR: 1.00e-06
Epoch 302/400: Total Loss: 2.7247 | Generator Loss: 2.5068 | Adversarial Loss: 0.4358 | Valid Loss: 2.5236 (Gen: 2.4151, Adv: 0.2170) | Perplexity: 12.27 (train) / 11.19 (val) | Token Acc: 11.51% (train) / 11.70% (val) | LR: 1.00e-06
Epoch 303/400: Total Loss: 2.7254 | Generator Loss: 2.5065 | Adversarial Loss: 0.4377 | Valid Loss: 2.5211 (Gen: 2.4152, Adv: 0.2119) | Perplexity: 12.26 (train) / 11.19 (val) | Token Acc: 11.47% (train) / 11.68% (val) | LR: 1.00e-06
Epoch 304/400: Total Loss: 2.7254 | Generator Loss: 2.5064 | Adversarial Loss: 0.4379 | Valid Loss: 2.5204 (Gen: 2.4150, Adv: 0.2107) | Perplexity: 12.26 (train) / 11.19 (val) | Token Acc: 11.54% (train) / 11.71% (val) | LR: 1.00e-06
Epoch 305/400: Total Loss: 2.7250 | Generator Loss: 2.5064 | Adversarial Loss: 0.4372 | Valid Loss: 2.5215 (Gen: 2.4150, Adv: 0.2130) | Perplexity: 12.26 (train) / 11.19 (val) | Token Acc: 11.49% (train) / 11.70% (val) | LR: 1.00e-06
Epoch 306/400: Total Loss: 2.7244 | Generator Loss: 2.5062 | Adversarial Loss: 0.4364 | Valid Loss: 2.5189 (Gen: 2.4151, Adv: 0.2076) | Perplexity: 12.26 (train) / 11.19 (val) | Token Acc: 11.52% (train) / 11.68% (val) | LR: 1.00e-06
Epoch 307/400: Total Loss: 2.7252 | Generator Loss: 2.5058 | Adversarial Loss: 0.4389 | Valid Loss: 2.5199 (Gen: 2.4150, Adv: 0.2098) | Perplexity: 12.25 (train) / 11.19 (val) | Token Acc: 11.44% (train) / 11.66% (val) | LR: 1.00e-06
Epoch 308/400: Total Loss: 2.7248 | Generator Loss: 2.5055 | Adversarial Loss: 0.4385 | Valid Loss: 2.5215 (Gen: 2.4150, Adv: 0.2131) | Perplexity: 12.25 (train) / 11.19 (val) | Token Acc: 11.47% (train) / 11.71% (val) | LR: 1.00e-06
Epoch 309/400: Total Loss: 2.7248 | Generator Loss: 2.5052 | Adversarial Loss: 0.4391 | Valid Loss: 2.5196 (Gen: 2.4149, Adv: 0.2093) | Perplexity: 12.25 (train) / 11.19 (val) | Token Acc: 11.56% (train) / 11.71% (val) | LR: 1.00e-06
Epoch 310/400: Total Loss: 2.7240 | Generator Loss: 2.5041 | Adversarial Loss: 0.4398 | Valid Loss: 2.5194 (Gen: 2.4149, Adv: 0.2090) | Perplexity: 12.23 (train) / 11.19 (val) | Token Acc: 11.53% (train) / 11.70% (val) | LR: 1.00e-06
Epoch 311/400: Total Loss: 2.7251 | Generator Loss: 2.5006 | Adversarial Loss: 0.4490 | Valid Loss: 2.5204 (Gen: 2.4149, Adv: 0.2111) | Perplexity: 12.19 (train) / 11.19 (val) | Token Acc: 11.54% (train) / 11.71% (val) | LR: 1.00e-06
Epoch 312/400: Total Loss: 2.7254 | Generator Loss: 2.4954 | Adversarial Loss: 0.4599 | Valid Loss: 2.5195 (Gen: 2.4151, Adv: 0.2089) | Perplexity: 12.13 (train) / 11.19 (val) | Token Acc: 11.59% (train) / 11.64% (val) | LR: 1.00e-06
Epoch 313/400: Total Loss: 2.7203 | Generator Loss: 2.4873 | Adversarial Loss: 0.4659 | Valid Loss: 2.5187 (Gen: 2.4147, Adv: 0.2081) | Perplexity: 12.03 (train) / 11.19 (val) | Token Acc: 11.53% (train) / 11.73% (val) | LR: 1.00e-06
Epoch 314/400: Total Loss: 2.7175 | Generator Loss: 2.4834 | Adversarial Loss: 0.4684 | Valid Loss: 2.5198 (Gen: 2.4152, Adv: 0.2092) | Perplexity: 11.98 (train) / 11.19 (val) | Token Acc: 11.61% (train) / 11.67% (val) | LR: 1.00e-06
Epoch 315/400: Total Loss: 2.7132 | Generator Loss: 2.4779 | Adversarial Loss: 0.4706 | Valid Loss: 2.5218 (Gen: 2.4144, Adv: 0.2148) | Perplexity: 11.92 (train) / 11.18 (val) | Token Acc: 11.65% (train) / 11.74% (val) | LR: 1.00e-06
Epoch 316/400: Total Loss: 2.7094 | Generator Loss: 2.4747 | Adversarial Loss: 0.4693 | Valid Loss: 2.5217 (Gen: 2.4138, Adv: 0.2158) | Perplexity: 11.88 (train) / 11.18 (val) | Token Acc: 11.60% (train) / 11.76% (val) | LR: 1.00e-06
Epoch 317/400: Total Loss: 2.7077 | Generator Loss: 2.4725 | Adversarial Loss: 0.4703 | Valid Loss: 2.5177 (Gen: 2.4135, Adv: 0.2082) | Perplexity: 11.85 (train) / 11.17 (val) | Token Acc: 11.60% (train) / 11.75% (val) | LR: 1.00e-06
Epoch 318/400: Total Loss: 2.7050 | Generator Loss: 2.4695 | Adversarial Loss: 0.4710 | Valid Loss: 2.5159 (Gen: 2.4129, Adv: 0.2059) | Perplexity: 11.82 (train) / 11.17 (val) | Token Acc: 11.76% (train) / 11.74% (val) | LR: 1.00e-06
Epoch 319/400: Total Loss: 2.7029 | Generator Loss: 2.4675 | Adversarial Loss: 0.4707 | Valid Loss: 2.5183 (Gen: 2.4128, Adv: 0.2109) | Perplexity: 11.79 (train) / 11.17 (val) | Token Acc: 11.68% (train) / 11.72% (val) | LR: 1.00e-06
Epoch 320/400: Total Loss: 2.7011 | Generator Loss: 2.4658 | Adversarial Loss: 0.4706 | Valid Loss: 2.5198 (Gen: 2.4125, Adv: 0.2146) | Perplexity: 11.77 (train) / 11.16 (val) | Token Acc: 11.57% (train) / 11.69% (val) | LR: 1.00e-06
Epoch 321/400: Total Loss: 2.6998 | Generator Loss: 2.4636 | Adversarial Loss: 0.4723 | Valid Loss: 2.5187 (Gen: 2.4120, Adv: 0.2134) | Perplexity: 11.75 (train) / 11.16 (val) | Token Acc: 11.70% (train) / 11.69% (val) | LR: 1.00e-06
Epoch 322/400: Total Loss: 2.6989 | Generator Loss: 2.4616 | Adversarial Loss: 0.4746 | Valid Loss: 2.5155 (Gen: 2.4114, Adv: 0.2082) | Perplexity: 11.72 (train) / 11.15 (val) | Token Acc: 11.65% (train) / 11.69% (val) | LR: 1.00e-06
Epoch 323: New best model saved! (Valid Loss: 2.5140 = Gen: 2.4106 + λ*Adv: 0.1034)
Epoch 323/400: Total Loss: 2.6986 | Generator Loss: 2.4599 | Adversarial Loss: 0.4774 | Valid Loss: 2.5140 (Gen: 2.4106, Adv: 0.2069) | Perplexity: 11.70 (train) / 11.14 (val) | Token Acc: 11.61% (train) / 11.69% (val) | LR: 1.00e-06
Epoch 324/400: Total Loss: 2.6964 | Generator Loss: 2.4584 | Adversarial Loss: 0.4758 | Valid Loss: 2.5167 (Gen: 2.4104, Adv: 0.2126) | Perplexity: 11.69 (train) / 11.14 (val) | Token Acc: 11.59% (train) / 11.70% (val) | LR: 1.00e-06
Epoch 325: New best model saved! (Valid Loss: 2.5115 = Gen: 2.4100 + λ*Adv: 0.1016)
Epoch 325/400: Total Loss: 2.6962 | Generator Loss: 2.4567 | Adversarial Loss: 0.4791 | Valid Loss: 2.5115 (Gen: 2.4100, Adv: 0.2031) | Perplexity: 11.67 (train) / 11.13 (val) | Token Acc: 11.65% (train) / 11.68% (val) | LR: 1.00e-06
Epoch 326/400: Total Loss: 2.6943 | Generator Loss: 2.4559 | Adversarial Loss: 0.4768 | Valid Loss: 2.5139 (Gen: 2.4097, Adv: 0.2083) | Perplexity: 11.66 (train) / 11.13 (val) | Token Acc: 11.62% (train) / 11.69% (val) | LR: 1.00e-06
Epoch 327/400: Total Loss: 2.6939 | Generator Loss: 2.4547 | Adversarial Loss: 0.4784 | Valid Loss: 2.5152 (Gen: 2.4095, Adv: 0.2115) | Perplexity: 11.64 (train) / 11.13 (val) | Token Acc: 11.66% (train) / 11.68% (val) | LR: 1.00e-06
Epoch 328/400: Total Loss: 2.6924 | Generator Loss: 2.4542 | Adversarial Loss: 0.4762 | Valid Loss: 2.5157 (Gen: 2.4093, Adv: 0.2127) | Perplexity: 11.64 (train) / 11.13 (val) | Token Acc: 11.69% (train) / 11.72% (val) | LR: 1.00e-06
Epoch 329/400: Total Loss: 2.6937 | Generator Loss: 2.4540 | Adversarial Loss: 0.4794 | Valid Loss: 2.5149 (Gen: 2.4091, Adv: 0.2116) | Perplexity: 11.63 (train) / 11.12 (val) | Token Acc: 11.67% (train) / 11.70% (val) | LR: 1.00e-06
Epoch 330/400: Total Loss: 2.6924 | Generator Loss: 2.4527 | Adversarial Loss: 0.4793 | Valid Loss: 2.5132 (Gen: 2.4088, Adv: 0.2086) | Perplexity: 11.62 (train) / 11.12 (val) | Token Acc: 11.63% (train) / 11.71% (val) | LR: 1.00e-06
Epoch 331/400: Total Loss: 2.6903 | Generator Loss: 2.4518 | Adversarial Loss: 0.4770 | Valid Loss: 2.5164 (Gen: 2.4085, Adv: 0.2158) | Perplexity: 11.61 (train) / 11.12 (val) | Token Acc: 11.64% (train) / 11.69% (val) | LR: 1.00e-06
Epoch 332/400: Total Loss: 2.6902 | Generator Loss: 2.4515 | Adversarial Loss: 0.4774 | Valid Loss: 2.5126 (Gen: 2.4081, Adv: 0.2090) | Perplexity: 11.61 (train) / 11.11 (val) | Token Acc: 11.68% (train) / 11.70% (val) | LR: 1.00e-06
Epoch 333/400: Total Loss: 2.6879 | Generator Loss: 2.4503 | Adversarial Loss: 0.4752 | Valid Loss: 2.5127 (Gen: 2.4081, Adv: 0.2093) | Perplexity: 11.59 (train) / 11.11 (val) | Token Acc: 11.69% (train) / 11.69% (val) | LR: 1.00e-06
Epoch 334/400: Total Loss: 2.6898 | Generator Loss: 2.4498 | Adversarial Loss: 0.4800 | Valid Loss: 2.5128 (Gen: 2.4077, Adv: 0.2102) | Perplexity: 11.59 (train) / 11.11 (val) | Token Acc: 11.70% (train) / 11.70% (val) | LR: 1.00e-06
Epoch 335/400: Total Loss: 2.6858 | Generator Loss: 2.4492 | Adversarial Loss: 0.4732 | Valid Loss: 2.5139 (Gen: 2.4072, Adv: 0.2134) | Perplexity: 11.58 (train) / 11.10 (val) | Token Acc: 11.65% (train) / 11.71% (val) | LR: 1.00e-06
Epoch 336: New best model saved! (Valid Loss: 2.5106 = Gen: 2.4071 + λ*Adv: 0.1035)
Epoch 336/400: Total Loss: 2.6859 | Generator Loss: 2.4488 | Adversarial Loss: 0.4743 | Valid Loss: 2.5106 (Gen: 2.4071, Adv: 0.2069) | Perplexity: 11.57 (train) / 11.10 (val) | Token Acc: 11.64% (train) / 11.70% (val) | LR: 1.00e-06
Epoch 337/400: Total Loss: 2.6856 | Generator Loss: 2.4481 | Adversarial Loss: 0.4752 | Valid Loss: 2.5106 (Gen: 2.4066, Adv: 0.2081) | Perplexity: 11.57 (train) / 11.10 (val) | Token Acc: 11.66% (train) / 11.69% (val) | LR: 1.00e-06
Epoch 338/400: Total Loss: 2.6839 | Generator Loss: 2.4470 | Adversarial Loss: 0.4737 | Valid Loss: 2.5113 (Gen: 2.4066, Adv: 0.2093) | Perplexity: 11.55 (train) / 11.10 (val) | Token Acc: 11.60% (train) / 11.71% (val) | LR: 1.00e-06
Epoch 339/400: Total Loss: 2.6831 | Generator Loss: 2.4466 | Adversarial Loss: 0.4730 | Valid Loss: 2.5127 (Gen: 2.4060, Adv: 0.2134) | Perplexity: 11.55 (train) / 11.09 (val) | Token Acc: 11.79% (train) / 11.70% (val) | LR: 1.00e-06
Epoch 340/400: Total Loss: 2.6823 | Generator Loss: 2.4458 | Adversarial Loss: 0.4729 | Valid Loss: 2.5130 (Gen: 2.4059, Adv: 0.2142) | Perplexity: 11.54 (train) / 11.09 (val) | Token Acc: 11.67% (train) / 11.70% (val) | LR: 1.00e-06
Epoch 341: New best model saved! (Valid Loss: 2.5056 = Gen: 2.4051 + λ*Adv: 0.1004)
Epoch 341/400: Total Loss: 2.6804 | Generator Loss: 2.4446 | Adversarial Loss: 0.4716 | Valid Loss: 2.5056 (Gen: 2.4051, Adv: 0.2009) | Perplexity: 11.53 (train) / 11.08 (val) | Token Acc: 11.73% (train) / 11.69% (val) | LR: 1.00e-06
Epoch 342/400: Total Loss: 2.6799 | Generator Loss: 2.4438 | Adversarial Loss: 0.4723 | Valid Loss: 2.5080 (Gen: 2.4048, Adv: 0.2065) | Perplexity: 11.52 (train) / 11.08 (val) | Token Acc: 11.69% (train) / 11.66% (val) | LR: 1.00e-06
Epoch 343/400: Total Loss: 2.6783 | Generator Loss: 2.4429 | Adversarial Loss: 0.4706 | Valid Loss: 2.5100 (Gen: 2.4042, Adv: 0.2116) | Perplexity: 11.51 (train) / 11.07 (val) | Token Acc: 11.68% (train) / 11.68% (val) | LR: 1.00e-06
Epoch 344/400: Total Loss: 2.6769 | Generator Loss: 2.4413 | Adversarial Loss: 0.4712 | Valid Loss: 2.5082 (Gen: 2.4032, Adv: 0.2101) | Perplexity: 11.49 (train) / 11.06 (val) | Token Acc: 11.68% (train) / 11.67% (val) | LR: 1.00e-06
Epoch 345/400: Total Loss: 2.6752 | Generator Loss: 2.4398 | Adversarial Loss: 0.4707 | Valid Loss: 2.5071 (Gen: 2.4027, Adv: 0.2087) | Perplexity: 11.47 (train) / 11.05 (val) | Token Acc: 11.69% (train) / 11.67% (val) | LR: 1.00e-06
Epoch 346: New best model saved! (Valid Loss: 2.5041 = Gen: 2.4013 + λ*Adv: 0.1027)
Epoch 346/400: Total Loss: 2.6720 | Generator Loss: 2.4385 | Adversarial Loss: 0.4671 | Valid Loss: 2.5041 (Gen: 2.4013, Adv: 0.2055) | Perplexity: 11.46 (train) / 11.04 (val) | Token Acc: 11.68% (train) / 11.66% (val) | LR: 1.00e-06
Epoch 347/400: Total Loss: 2.6678 | Generator Loss: 2.4367 | Adversarial Loss: 0.4623 | Valid Loss: 2.5051 (Gen: 2.3991, Adv: 0.2120) | Perplexity: 11.44 (train) / 11.01 (val) | Token Acc: 11.77% (train) / 11.66% (val) | LR: 1.00e-06
Epoch 348: New best model saved! (Valid Loss: 2.5034 = Gen: 2.3976 + λ*Adv: 0.1058)
Epoch 348/400: Total Loss: 2.6662 | Generator Loss: 2.4343 | Adversarial Loss: 0.4637 | Valid Loss: 2.5034 (Gen: 2.3976, Adv: 0.2117) | Perplexity: 11.41 (train) / 11.00 (val) | Token Acc: 11.69% (train) / 11.67% (val) | LR: 1.00e-06
Epoch 349: New best model saved! (Valid Loss: 2.4974 = Gen: 2.3945 + λ*Adv: 0.1029)
Epoch 349/400: Total Loss: 2.6626 | Generator Loss: 2.4317 | Adversarial Loss: 0.4618 | Valid Loss: 2.4974 (Gen: 2.3945, Adv: 0.2058) | Perplexity: 11.38 (train) / 10.96 (val) | Token Acc: 11.69% (train) / 11.66% (val) | LR: 1.00e-06
Epoch 350: New best model saved! (Valid Loss: 2.4957 = Gen: 2.3914 + λ*Adv: 0.1043)
Epoch 350/400: Total Loss: 2.6585 | Generator Loss: 2.4289 | Adversarial Loss: 0.4592 | Valid Loss: 2.4957 (Gen: 2.3914, Adv: 0.2086) | Perplexity: 11.35 (train) / 10.93 (val) | Token Acc: 11.67% (train) / 11.67% (val) | LR: 1.00e-06
Epoch 351: New best model saved! (Valid Loss: 2.4913 = Gen: 2.3869 + λ*Adv: 0.1044)
Epoch 351/400: Total Loss: 2.6553 | Generator Loss: 2.4256 | Adversarial Loss: 0.4593 | Valid Loss: 2.4913 (Gen: 2.3869, Adv: 0.2089) | Perplexity: 11.31 (train) / 10.88 (val) | Token Acc: 11.69% (train) / 11.68% (val) | LR: 1.00e-06
Epoch 352: New best model saved! (Valid Loss: 2.4860 = Gen: 2.3829 + λ*Adv: 0.1030)
Epoch 352/400: Total Loss: 2.6486 | Generator Loss: 2.4212 | Adversarial Loss: 0.4548 | Valid Loss: 2.4860 (Gen: 2.3829, Adv: 0.2061) | Perplexity: 11.26 (train) / 10.84 (val) | Token Acc: 11.73% (train) / 11.70% (val) | LR: 1.00e-06
Epoch 353: New best model saved! (Valid Loss: 2.4844 = Gen: 2.3781 + λ*Adv: 0.1063)
Epoch 353/400: Total Loss: 2.6452 | Generator Loss: 2.4175 | Adversarial Loss: 0.4553 | Valid Loss: 2.4844 (Gen: 2.3781, Adv: 0.2126) | Perplexity: 11.22 (train) / 10.78 (val) | Token Acc: 11.71% (train) / 11.70% (val) | LR: 1.00e-06
Epoch 354: New best model saved! (Valid Loss: 2.4771 = Gen: 2.3739 + λ*Adv: 0.1032)
Epoch 354/400: Total Loss: 2.6383 | Generator Loss: 2.4129 | Adversarial Loss: 0.4508 | Valid Loss: 2.4771 (Gen: 2.3739, Adv: 0.2064) | Perplexity: 11.17 (train) / 10.74 (val) | Token Acc: 11.71% (train) / 11.68% (val) | LR: 1.00e-06
Epoch 355: New best model saved! (Valid Loss: 2.4731 = Gen: 2.3695 + λ*Adv: 0.1036)
Epoch 355/400: Total Loss: 2.6328 | Generator Loss: 2.4088 | Adversarial Loss: 0.4480 | Valid Loss: 2.4731 (Gen: 2.3695, Adv: 0.2071) | Perplexity: 11.12 (train) / 10.69 (val) | Token Acc: 11.70% (train) / 11.67% (val) | LR: 1.00e-06
Epoch 356: New best model saved! (Valid Loss: 2.4668 = Gen: 2.3653 + λ*Adv: 0.1015)
Epoch 356/400: Total Loss: 2.6286 | Generator Loss: 2.4041 | Adversarial Loss: 0.4489 | Valid Loss: 2.4668 (Gen: 2.3653, Adv: 0.2029) | Perplexity: 11.07 (train) / 10.65 (val) | Token Acc: 11.65% (train) / 11.73% (val) | LR: 1.00e-06
Epoch 357: New best model saved! (Valid Loss: 2.4646 = Gen: 2.3613 + λ*Adv: 0.1034)
Epoch 357/400: Total Loss: 2.6241 | Generator Loss: 2.4004 | Adversarial Loss: 0.4474 | Valid Loss: 2.4646 (Gen: 2.3613, Adv: 0.2067) | Perplexity: 11.03 (train) / 10.60 (val) | Token Acc: 11.72% (train) / 11.67% (val) | LR: 1.00e-06
Epoch 358: New best model saved! (Valid Loss: 2.4602 = Gen: 2.3583 + λ*Adv: 0.1020)
Epoch 358/400: Total Loss: 2.6195 | Generator Loss: 2.3974 | Adversarial Loss: 0.4441 | Valid Loss: 2.4602 (Gen: 2.3583, Adv: 0.2040) | Perplexity: 10.99 (train) / 10.57 (val) | Token Acc: 11.63% (train) / 11.67% (val) | LR: 1.00e-06
Epoch 359: New best model saved! (Valid Loss: 2.4577 = Gen: 2.3549 + λ*Adv: 0.1028)
Epoch 359/400: Total Loss: 2.6165 | Generator Loss: 2.3945 | Adversarial Loss: 0.4440 | Valid Loss: 2.4577 (Gen: 2.3549, Adv: 0.2056) | Perplexity: 10.96 (train) / 10.54 (val) | Token Acc: 11.66% (train) / 11.70% (val) | LR: 1.00e-06
Epoch 360: New best model saved! (Valid Loss: 2.4558 = Gen: 2.3527 + λ*Adv: 0.1032)
Epoch 360/400: Total Loss: 2.6133 | Generator Loss: 2.3927 | Adversarial Loss: 0.4411 | Valid Loss: 2.4558 (Gen: 2.3527, Adv: 0.2063) | Perplexity: 10.94 (train) / 10.51 (val) | Token Acc: 11.64% (train) / 11.72% (val) | LR: 1.00e-06
Epoch 361: New best model saved! (Valid Loss: 2.4535 = Gen: 2.3507 + λ*Adv: 0.1027)
Epoch 361/400: Total Loss: 2.6128 | Generator Loss: 2.3909 | Adversarial Loss: 0.4439 | Valid Loss: 2.4535 (Gen: 2.3507, Adv: 0.2055) | Perplexity: 10.92 (train) / 10.49 (val) | Token Acc: 11.67% (train) / 11.70% (val) | LR: 1.00e-06
Epoch 362: New best model saved! (Valid Loss: 2.4530 = Gen: 2.3493 + λ*Adv: 0.1037)
Epoch 362/400: Total Loss: 2.6095 | Generator Loss: 2.3886 | Adversarial Loss: 0.4418 | Valid Loss: 2.4530 (Gen: 2.3493, Adv: 0.2075) | Perplexity: 10.90 (train) / 10.48 (val) | Token Acc: 11.71% (train) / 11.70% (val) | LR: 1.00e-06
Epoch 363: New best model saved! (Valid Loss: 2.4499 = Gen: 2.3483 + λ*Adv: 0.1016)
Epoch 363/400: Total Loss: 2.6097 | Generator Loss: 2.3880 | Adversarial Loss: 0.4435 | Valid Loss: 2.4499 (Gen: 2.3483, Adv: 0.2032) | Perplexity: 10.89 (train) / 10.47 (val) | Token Acc: 11.76% (train) / 11.71% (val) | LR: 1.00e-06
Epoch 364: New best model saved! (Valid Loss: 2.4472 = Gen: 2.3464 + λ*Adv: 0.1008)
Epoch 364/400: Total Loss: 2.6073 | Generator Loss: 2.3862 | Adversarial Loss: 0.4422 | Valid Loss: 2.4472 (Gen: 2.3464, Adv: 0.2017) | Perplexity: 10.87 (train) / 10.45 (val) | Token Acc: 11.68% (train) / 11.70% (val) | LR: 1.00e-06
Epoch 365/400: Total Loss: 2.6053 | Generator Loss: 2.3849 | Adversarial Loss: 0.4410 | Valid Loss: 2.4484 (Gen: 2.3456, Adv: 0.2056) | Perplexity: 10.86 (train) / 10.44 (val) | Token Acc: 11.67% (train) / 11.74% (val) | LR: 1.00e-06
Epoch 366: New best model saved! (Valid Loss: 2.4460 = Gen: 2.3445 + λ*Adv: 0.1015)
Epoch 366/400: Total Loss: 2.6041 | Generator Loss: 2.3837 | Adversarial Loss: 0.4407 | Valid Loss: 2.4460 (Gen: 2.3445, Adv: 0.2030) | Perplexity: 10.85 (train) / 10.43 (val) | Token Acc: 11.70% (train) / 11.68% (val) | LR: 1.00e-06
Epoch 367: New best model saved! (Valid Loss: 2.4448 = Gen: 2.3437 + λ*Adv: 0.1011)
Epoch 367/400: Total Loss: 2.6035 | Generator Loss: 2.3826 | Adversarial Loss: 0.4418 | Valid Loss: 2.4448 (Gen: 2.3437, Adv: 0.2023) | Perplexity: 10.83 (train) / 10.42 (val) | Token Acc: 11.69% (train) / 11.71% (val) | LR: 1.00e-06
Epoch 368/400: Total Loss: 2.6024 | Generator Loss: 2.3819 | Adversarial Loss: 0.4411 | Valid Loss: 2.4456 (Gen: 2.3433, Adv: 0.2046) | Perplexity: 10.83 (train) / 10.42 (val) | Token Acc: 11.68% (train) / 11.70% (val) | LR: 1.00e-06
Epoch 369: New best model saved! (Valid Loss: 2.4439 = Gen: 2.3422 + λ*Adv: 0.1017)
Epoch 369/400: Total Loss: 2.6011 | Generator Loss: 2.3814 | Adversarial Loss: 0.4394 | Valid Loss: 2.4439 (Gen: 2.3422, Adv: 0.2034) | Perplexity: 10.82 (train) / 10.40 (val) | Token Acc: 11.72% (train) / 11.71% (val) | LR: 1.00e-06
Epoch 370: New best model saved! (Valid Loss: 2.4418 = Gen: 2.3419 + λ*Adv: 0.0999)
Epoch 370/400: Total Loss: 2.6015 | Generator Loss: 2.3805 | Adversarial Loss: 0.4420 | Valid Loss: 2.4418 (Gen: 2.3419, Adv: 0.1998) | Perplexity: 10.81 (train) / 10.40 (val) | Token Acc: 11.73% (train) / 11.71% (val) | LR: 1.00e-06
Epoch 371/400: Total Loss: 2.6010 | Generator Loss: 2.3796 | Adversarial Loss: 0.4427 | Valid Loss: 2.4450 (Gen: 2.3415, Adv: 0.2070) | Perplexity: 10.80 (train) / 10.40 (val) | Token Acc: 11.81% (train) / 11.65% (val) | LR: 1.00e-06
Epoch 372/400: Total Loss: 2.5995 | Generator Loss: 2.3790 | Adversarial Loss: 0.4410 | Valid Loss: 2.4441 (Gen: 2.3407, Adv: 0.2067) | Perplexity: 10.79 (train) / 10.39 (val) | Token Acc: 11.69% (train) / 11.73% (val) | LR: 1.00e-06
Epoch 373/400: Total Loss: 2.5998 | Generator Loss: 2.3784 | Adversarial Loss: 0.4429 | Valid Loss: 2.4436 (Gen: 2.3406, Adv: 0.2061) | Perplexity: 10.79 (train) / 10.39 (val) | Token Acc: 11.74% (train) / 11.67% (val) | LR: 1.00e-06
Epoch 374/400: Total Loss: 2.5992 | Generator Loss: 2.3781 | Adversarial Loss: 0.4421 | Valid Loss: 2.4423 (Gen: 2.3402, Adv: 0.2042) | Perplexity: 10.78 (train) / 10.38 (val) | Token Acc: 11.72% (train) / 11.71% (val) | LR: 1.00e-06
Epoch 375: New best model saved! (Valid Loss: 2.4402 = Gen: 2.3398 + λ*Adv: 0.1004)
Epoch 375/400: Total Loss: 2.5973 | Generator Loss: 2.3772 | Adversarial Loss: 0.4402 | Valid Loss: 2.4402 (Gen: 2.3398, Adv: 0.2009) | Perplexity: 10.77 (train) / 10.38 (val) | Token Acc: 11.64% (train) / 11.70% (val) | LR: 1.00e-06
Epoch 376/400: Total Loss: 2.5972 | Generator Loss: 2.3766 | Adversarial Loss: 0.4412 | Valid Loss: 2.4406 (Gen: 2.3393, Adv: 0.2027) | Perplexity: 10.77 (train) / 10.37 (val) | Token Acc: 11.67% (train) / 11.72% (val) | LR: 1.00e-06
Epoch 377/400: Total Loss: 2.5983 | Generator Loss: 2.3762 | Adversarial Loss: 0.4441 | Valid Loss: 2.4403 (Gen: 2.3390, Adv: 0.2026) | Perplexity: 10.76 (train) / 10.37 (val) | Token Acc: 11.70% (train) / 11.69% (val) | LR: 1.00e-06
Epoch 378/400: Total Loss: 2.5984 | Generator Loss: 2.3759 | Adversarial Loss: 0.4449 | Valid Loss: 2.4423 (Gen: 2.3391, Adv: 0.2064) | Perplexity: 10.76 (train) / 10.37 (val) | Token Acc: 11.75% (train) / 11.66% (val) | LR: 1.00e-06
Epoch 379/400: Total Loss: 2.5970 | Generator Loss: 2.3756 | Adversarial Loss: 0.4428 | Valid Loss: 2.4407 (Gen: 2.3385, Adv: 0.2045) | Perplexity: 10.76 (train) / 10.37 (val) | Token Acc: 11.68% (train) / 11.71% (val) | LR: 1.00e-06
Epoch 380/400: Total Loss: 2.5969 | Generator Loss: 2.3746 | Adversarial Loss: 0.4445 | Valid Loss: 2.4416 (Gen: 2.3383, Adv: 0.2066) | Perplexity: 10.75 (train) / 10.36 (val) | Token Acc: 11.67% (train) / 11.69% (val) | LR: 1.00e-06
Epoch 381: New best model saved! (Valid Loss: 2.4394 = Gen: 2.3382 + λ*Adv: 0.1012)
Epoch 381/400: Total Loss: 2.5964 | Generator Loss: 2.3745 | Adversarial Loss: 0.4440 | Valid Loss: 2.4394 (Gen: 2.3382, Adv: 0.2024) | Perplexity: 10.75 (train) / 10.36 (val) | Token Acc: 11.64% (train) / 11.66% (val) | LR: 1.00e-06
Epoch 382/400: Total Loss: 2.5948 | Generator Loss: 2.3741 | Adversarial Loss: 0.4414 | Valid Loss: 2.4404 (Gen: 2.3378, Adv: 0.2052) | Perplexity: 10.74 (train) / 10.36 (val) | Token Acc: 11.77% (train) / 11.68% (val) | LR: 1.00e-06
Epoch 383: New best model saved! (Valid Loss: 2.4384 = Gen: 2.3375 + λ*Adv: 0.1009)
Epoch 383/400: Total Loss: 2.5946 | Generator Loss: 2.3736 | Adversarial Loss: 0.4420 | Valid Loss: 2.4384 (Gen: 2.3375, Adv: 0.2017) | Perplexity: 10.74 (train) / 10.36 (val) | Token Acc: 11.69% (train) / 11.68% (val) | LR: 1.00e-06
Epoch 384: New best model saved! (Valid Loss: 2.4373 = Gen: 2.3374 + λ*Adv: 0.0999)
Epoch 384/400: Total Loss: 2.5956 | Generator Loss: 2.3736 | Adversarial Loss: 0.4439 | Valid Loss: 2.4373 (Gen: 2.3374, Adv: 0.1998) | Perplexity: 10.74 (train) / 10.35 (val) | Token Acc: 11.70% (train) / 11.64% (val) | LR: 1.00e-06
Epoch 385/400: Total Loss: 2.5958 | Generator Loss: 2.3731 | Adversarial Loss: 0.4453 | Valid Loss: 2.4391 (Gen: 2.3370, Adv: 0.2041) | Perplexity: 10.73 (train) / 10.35 (val) | Token Acc: 11.76% (train) / 11.67% (val) | LR: 1.00e-06
Epoch 386: New best model saved! (Valid Loss: 2.4361 = Gen: 2.3373 + λ*Adv: 0.0988)
Epoch 386/400: Total Loss: 2.5948 | Generator Loss: 2.3729 | Adversarial Loss: 0.4437 | Valid Loss: 2.4361 (Gen: 2.3373, Adv: 0.1976) | Perplexity: 10.73 (train) / 10.35 (val) | Token Acc: 11.67% (train) / 11.66% (val) | LR: 1.00e-06
Epoch 387/400: Total Loss: 2.5934 | Generator Loss: 2.3724 | Adversarial Loss: 0.4420 | Valid Loss: 2.4381 (Gen: 2.3368, Adv: 0.2027) | Perplexity: 10.72 (train) / 10.35 (val) | Token Acc: 11.72% (train) / 11.65% (val) | LR: 1.00e-06
Epoch 388/400: Total Loss: 2.5932 | Generator Loss: 2.3716 | Adversarial Loss: 0.4433 | Valid Loss: 2.4375 (Gen: 2.3368, Adv: 0.2014) | Perplexity: 10.71 (train) / 10.35 (val) | Token Acc: 11.66% (train) / 11.68% (val) | LR: 1.00e-06
Epoch 389/400: Total Loss: 2.5940 | Generator Loss: 2.3717 | Adversarial Loss: 0.4446 | Valid Loss: 2.4415 (Gen: 2.3365, Adv: 0.2100) | Perplexity: 10.72 (train) / 10.34 (val) | Token Acc: 11.71% (train) / 11.65% (val) | LR: 1.00e-06
Epoch 390/400: Total Loss: 2.5930 | Generator Loss: 2.3715 | Adversarial Loss: 0.4430 | Valid Loss: 2.4412 (Gen: 2.3363, Adv: 0.2099) | Perplexity: 10.71 (train) / 10.34 (val) | Token Acc: 11.77% (train) / 11.64% (val) | LR: 1.00e-06
Epoch 391/400: Total Loss: 2.5940 | Generator Loss: 2.3708 | Adversarial Loss: 0.4465 | Valid Loss: 2.4392 (Gen: 2.3359, Adv: 0.2066) | Perplexity: 10.71 (train) / 10.34 (val) | Token Acc: 11.73% (train) / 11.62% (val) | LR: 1.00e-06
Epoch 392/400: Total Loss: 2.5919 | Generator Loss: 2.3706 | Adversarial Loss: 0.4425 | Valid Loss: 2.4392 (Gen: 2.3358, Adv: 0.2069) | Perplexity: 10.70 (train) / 10.34 (val) | Token Acc: 11.70% (train) / 11.61% (val) | LR: 1.00e-06
Epoch 393/400: Total Loss: 2.5924 | Generator Loss: 2.3703 | Adversarial Loss: 0.4442 | Valid Loss: 2.4380 (Gen: 2.3357, Adv: 0.2048) | Perplexity: 10.70 (train) / 10.34 (val) | Token Acc: 11.66% (train) / 11.69% (val) | LR: 1.00e-06
Epoch 394/400: Total Loss: 2.5924 | Generator Loss: 2.3702 | Adversarial Loss: 0.4445 | Valid Loss: 2.4370 (Gen: 2.3355, Adv: 0.2029) | Perplexity: 10.70 (train) / 10.33 (val) | Token Acc: 11.77% (train) / 11.67% (val) | LR: 1.00e-06
Epoch 395/400: Total Loss: 2.5932 | Generator Loss: 2.3698 | Adversarial Loss: 0.4470 | Valid Loss: 2.4423 (Gen: 2.3354, Adv: 0.2138) | Perplexity: 10.69 (train) / 10.33 (val) | Token Acc: 11.70% (train) / 11.69% (val) | LR: 1.00e-06
Epoch 396/400: Total Loss: 2.5918 | Generator Loss: 2.3694 | Adversarial Loss: 0.4447 | Valid Loss: 2.4385 (Gen: 2.3351, Adv: 0.2069) | Perplexity: 10.69 (train) / 10.33 (val) | Token Acc: 11.71% (train) / 11.66% (val) | LR: 1.00e-06
Epoch 397/400: Total Loss: 2.5913 | Generator Loss: 2.3693 | Adversarial Loss: 0.4441 | Valid Loss: 2.4362 (Gen: 2.3348, Adv: 0.2029) | Perplexity: 10.69 (train) / 10.33 (val) | Token Acc: 11.72% (train) / 11.67% (val) | LR: 1.00e-06
Epoch 398/400: Total Loss: 2.5912 | Generator Loss: 2.3686 | Adversarial Loss: 0.4450 | Valid Loss: 2.4402 (Gen: 2.3346, Adv: 0.2111) | Perplexity: 10.68 (train) / 10.33 (val) | Token Acc: 11.79% (train) / 11.64% (val) | LR: 1.00e-06
Epoch 399/400: Total Loss: 2.5925 | Generator Loss: 2.3690 | Adversarial Loss: 0.4469 | Valid Loss: 2.4361 (Gen: 2.3345, Adv: 0.2033) | Perplexity: 10.69 (train) / 10.32 (val) | Token Acc: 11.82% (train) / 11.64% (val) | LR: 1.00e-06
Epoch 400: New best model saved! (Valid Loss: 2.4347 = Gen: 2.3342 + λ*Adv: 0.1005)
Epoch 400/400: Total Loss: 2.5903 | Generator Loss: 2.3681 | Adversarial Loss: 0.4444 | Valid Loss: 2.4347 (Gen: 2.3342, Adv: 0.2009) | Perplexity: 10.68 (train) / 10.32 (val) | Token Acc: 11.74% (train) / 11.65% (val) | LR: 1.00e-06

============================================================
Training completed!
Best model from epoch 400/400
Best validation loss: 2.4347 (includes adversarial loss)
Model saved to: /dfs9/tw/yuanmis1/mrsec/ML-MD-Peptide/DL_for_Peptide/ML_dEdge_gen/v1+2/models/ConditionalGenerator_v1v2_lr_0.001_bs_512.pt
Training metrics saved to: /dfs9/tw/yuanmis1/mrsec/ML-MD-Peptide/DL_for_Peptide/ML_dEdge_gen/v1+2/data/training_metrics_lr0.001_bs512_lam0.5_ep400_1.csv
============================================================
Training completed with parameters:
Model: ConditionalGenerator
Architecture: d_model=512, d_ff=2048, n_layers=6, n_heads=8
Training: epochs=400, batch_size=512, lr=0.001, lambda_adv=0.5
Data: Combined iteration1 (v1) and iteration2 (v2)
